learning style,gpa,student semester,major,previous courses,course types,course subjects,subjects of interest,extracurricular activities,shap_feature_0,shap_feature_1,shap_feature_2,shap_feature_3,shap_feature_4,shap_feature_5,shap_feature_6,shap_feature_7,shap_feature_8,predicted_class,target,model
0.50464773,2.12,4.0,0.5038685,0.85223144,0.49503082,0.53862023,0.5066779,0.46714258,0.0011278780302882185,0.00021759341046099132,0.001395983397668809,-0.00029746598655805624,-0.002066646073543746,-0.00047624863428551004,0.0013196879389445926,-0.0007255322503816275,0.0005196412996482641,0.05994052239699954,International Status,Linear Regression
0.50464773,3.12,5.0,0.51963246,0.5768323,0.4961415,0.50415605,0.52214134,0.4625796,0.0011278780302882185,-3.696135142598976e-05,0.0009936827066979706,0.0007295600980903176,-0.00039240757967290576,-0.0008197638653607512,0.00036061069946401745,0.00024658706257234085,0.0006123334963203067,0.061747150561730635,International Status,Linear Regression
0.50464773,3.91,6.0,0.47708422,0.71724033,0.49326536,0.47286057,0.5091858,0.46584684,0.0011278780302882185,-0.00023805961331670481,0.0005913820157271323,-0.0020424687789101018,-0.001245992411762693,6.977938445443077e-05,-0.0005102872173475671,-0.0005678714695361452,0.0005459629111643856,0.056655954115516494,International Status,Linear Regression
0.50464773,2.57,14.0,0.5135263,0.6336904,0.49713477,0.51388574,0.52136606,0.5902068,0.0011278780302882185,0.00010304376761184989,-0.0026270235120395744,0.0003317421895802401,-0.0007380659564868553,-0.0011269660960393376,0.000631370782141213,0.00019784857611997346,-0.001980280436482849,0.05484517860944926,International Status,Linear Regression
0.50464773,2.61,5.0,0.51738775,0.43501395,0.4904812,0.5145079,0.5119271,0.45592058,0.0011278780302882185,9.286157713637064e-05,0.0009936827066979706,0.0005833166591022086,0.0004697510338479921,0.0009308747186194561,0.0006486843957340875,-0.0003955378443789575,0.0007476045673052909,0.06412474710910843,International Status,Linear Regression
0.5048317,3.47,11.0,0.5371097,0.30658233,0.49476072,0.4888652,0.5040356,0.56148285,-0.0007464848649822488,-0.00012605551808643315,-0.0014201214391270595,0.0018682068193240755,0.0012505274808412253,-0.0003927111042017609,-6.490664078059282e-05,-0.0008916421755094295,-0.0013967832432893817,0.057005660578945516,International Status,Linear Regression
0.50479937,2.52,9.0,0.5221081,0.30653518,0.49067768,0.5237623,0.5098185,0.45145604,-0.0004170933750429663,0.0001157715057061989,-0.0006155200571853828,0.0008908486865033125,0.0012508141206070069,0.0008701066552693812,0.000906217997434433,-0.0005280963684392413,0.0008382970576800467,0.062236977487289735,International Status,Linear Regression
0.50464773,3.74,4.0,0.5038685,0.5895269,0.49428052,0.5284233,0.5068652,0.52741605,0.0011278780302882185,-0.00019478530379591805,0.001395983397668809,-0.00029746598655805624,-0.00046958206897702187,-0.0002441930666370964,0.0010359253925681334,-0.0007137575128512799,-0.0007047516048453948,0.059860882541616256,International Status,Linear Regression
0.5048317,3.98,3.0,0.5038685,0.74939245,0.4917074,0.49659216,0.4941473,0.53854907,-0.0007464848649822488,-0.00025587844664879344,0.0017982840886396473,-0.00029746598655805624,-0.001441455320483303,0.0005516310333595677,0.00015012100433897235,-0.0015132766502629607,-0.0009309073362739305,0.056240198785885376,International Status,Linear Regression
0.50464773,3.0,0.0,0.5038685,0.5016343,0.4990823,0.49378335,0.5284184,0.47200477,0.0011278780302882185,-6.414779999552008e-06,0.0030051861615521622,-0.00029746598655805624,6.474485102132015e-05,-0.0017293053998675666,7.195678453088684e-05,0.0006411985626377071,0.00042087096277699935,0.06222428045113837,International Status,Linear Regression
0.5049677,3.39,5.0,0.5449382,0.69016385,0.49237493,0.49059862,0.502891,0.5308174,-0.0021321094437547895,-0.00010569113713547465,0.0009936827066979706,0.002378235625770543,-0.0010813859242677652,0.00034517487839176445,-1.6668624716946407e-05,-0.0009635982063542585,-0.0007738464952789382,0.05756942464410919,International Status,Linear Regression
0.50479937,2.56,11.0,0.50561553,0.33174232,0.4958196,0.544469,0.52046025,0.45165843,-0.0004170933750429663,0.00010558931523071964,-0.0014201214391270595,-0.0001836465287147706,0.0010975719423329884,-0.0007202054390965596,0.0014824488746742906,0.00014090423547734535,0.0008341857151616805,0.059845264565650425,International Status,Linear Regression
0.5048317,2.47,11.0,0.5302061,0.15592435,0.49579868,0.4586001,0.5022796,0.5439519,-0.0007464848649822488,0.0001284992438005479,-0.0014201214391270595,0.0014184354878833357,0.002166425001526378,-0.0007137352238823612,-0.0009071309026258909,-0.001002034268959991,-0.0010406602128908828,0.0568088240854987,International Status,Linear Regression
0.5047411,3.87,11.0,0.49778765,0.08977252,0.49336168,0.507759,0.5233904,0.59479934,0.00017658562646397896,-0.00022787742284122555,-0.0014201214391270595,-0.0006936349420003517,0.0025685829030579507,3.998917750267186e-05,0.00046087443241766743,0.00032511003993302567,-0.0020735731138349788,0.058081566526328565,International Status,Linear Regression
0.5048317,2.53,14.0,0.49289316,0.3048877,0.49203768,0.51772076,0.5052342,0.50029993,-0.0007464848649822488,0.00011322595808732915,-0.0026270235120395744,-0.0010125122355896959,0.001260829672703075,0.00044948080960518843,0.0007380926131829732,-0.0008162913991940322,-0.00015391580718186786,0.0561310324993487,International Status,Linear Regression
0.50464773,2.42,9.0,0.5206665,0.5646871,0.49221995,0.4930731,0.54821336,0.4663062,0.0011278780302882185,0.00014122698189489703,-0.0006155200571853828,0.0007969280724171924,-0.0003185730667700693,0.0003931076677748717,5.219178187186232e-05,0.0018856217256047647,0.0005366314901493315,0.06292512389080152,International Status,Linear Regression
0.50479937,2.56,10.0,0.52545166,0.5877464,0.49059972,0.5170187,0.48006028,0.4706002,-0.0004170933750429663,0.00010558931523071964,-0.001017820748156221,0.001108682488136085,-0.00045875784622041857,0.0008942184133046578,0.00071855552375419,-0.002398866415798238,0.0004494033426427122,0.05790954196260589,International Status,Linear Regression
0.5048317,3.34,6.0,0.51677495,0.59275836,0.49221852,0.4598254,0.5237926,0.46802616,-0.0007464848649822488,-9.296339904112554e-05,0.0005913820157271323,0.0005433925800844612,-0.0004892271365810964,0.00039354994348024676,-0.0008730329684363779,0.0003503946071231273,0.0005016922901992882,0.05910433433233031,International Status,Linear Regression
0.5047411,2.77,10.0,0.4965151,0.57380533,0.49158433,0.4652984,0.52415776,0.49539024,0.00017658562646397896,5.2132815234453635e-05,-0.001017820748156221,-0.000776541904719068,-0.00037400567146871836,0.0005896945795550784,-0.0007207290479114392,0.00037335063038303884,-5.418055717446948e-05,0.05717411698696129,International Status,Linear Regression
0.5049349,3.1,6.0,0.4871176,0.451194,0.49125364,0.4911052,0.53020155,0.49474376,-0.0017979293982856187,-3.187025618825014e-05,0.0005913820157271323,-0.0013887914683111571,0.00037138739138071754,0.0006919716096305961,-2.5713983220023913e-06,0.000753297458672091,-4.104798782186599e-05,0.05807145923123791,International Status,Linear Regression
0.5048317,3.46,3.0,0.5038685,0.61557674,0.4928068,0.48129904,0.5236533,0.49047744,-0.0007464848649822488,-0.0001235099704675633,0.0017982840886396473,-0.00029746598655805624,-0.0006279472871370217,0.00021160452253367695,-0.00027545950599509444,0.00034163742112217597,4.561786925089538e-05,0.05925190755116372,International Status,Linear Regression
0.50464773,3.05,12.0,0.5089588,0.74195695,0.4925715,0.4475239,0.5130099,0.514865,0.0011278780302882185,-1.9142518093901016e-05,-0.0018224221300978977,3.4168379342747795e-05,-0.0013962525637819688,0.00028437897950778283,-0.0012153619796436746,-0.0003274669111282315,-0.000449790067639305,0.05514162048351068,International Status,Linear Regression
0.50464773,2.94,6.0,0.46356356,0.7735009,0.49278942,0.49694538,0.518089,0.44109064,0.0011278780302882185,8.85850571366687e-06,0.0005913820157271323,-0.002923343286436255,-0.0015880182146795613,0.0002169798734143009,0.00015995049288416088,-8.165953357870877e-06,0.0010488593865494247,0.05756001211485895,International Status,Linear Regression
0.50479937,2.24,6.0,0.47708422,0.4156695,0.4917074,0.48951572,0.5109478,0.48492146,-0.0004170933750429663,0.00018704683903455354,0.0005913820157271323,-0.0020424687789101018,0.0005873520649650817,0.0005516310333595677,-4.680381849302089e-05,-0.00045710218214441183,0.00015848182895835248,0.05803805689221164,International Status,Linear Regression
0.5047411,2.43,11.0,0.5335701,0.21719429,0.4913157,0.4981073,0.4976524,0.5029187,0.00017658562646397896,0.00013868143427602715,-0.0014201214391270595,0.00163760096082016,0.0017939456536781718,0.0006727774625850571,0.00019228467365089467,-0.0012929262363941877,-0.00020711339820327386,0.060617346002506345,International Status,Linear Regression
0.5047411,2.91,14.0,0.46168894,0.5165297,0.49432257,0.43681246,0.51629645,0.47990173,0.00017658562646397896,1.6495148570276253e-05,-0.0026270235120395744,-0.003045475265888343,-2.5808997700225303e-05,-0.0002571984466445863,-0.0015134424303046726,-0.00012085578656675844,0.0002604524272078634,0.05178936002785406,International Status,Linear Regression
0.5049677,2.19,1.0,0.5038685,0.50871515,0.4947123,0.4962796,0.4949879,0.56973916,-0.0021321094437547895,0.00019977457712890267,0.002602885470581324,-0.00029746598655805624,2.1698123862602867e-05,-0.00037773558696127714,0.00014142301175733933,-0.001460431779104339,-0.0015645016006578902,0.056059168051049824,International Status,Linear Regression
0.5048317,3.0,0.0,0.5038685,0.5016343,0.4990823,0.49378335,0.51715827,0.47358155,-0.0007464848649822488,-6.414779999552008e-06,0.0030051861615521622,-0.00029746598655805624,6.474485102132015e-05,-0.0017293053998675666,7.195678453088684e-05,-6.667690616951164e-05,0.00038884031572867926,0.059610011440012656,International Status,Linear Regression
0.5047411,2.42,6.0,0.50962174,0.68723667,0.4917074,0.5204761,0.5122873,0.39368984,0.00017658562646397896,0.00014122698189489703,0.0005913820157271323,7.735909237150438e-05,-0.0010635906710418875,0.0005516310333595677,0.0008147688573596922,-0.00037289363477708036,0.002011757377777123,0.06185385794389031,International Status,Linear Regression
0.5048317,3.09,2.0,0.5038685,0.5367072,0.4877406,0.4953429,0.50821376,0.4880458,-0.0007464848649822488,-2.9324708569380266e-05,0.0022005847796104858,-0.00029746598655805624,-0.00014847440330054417,0.0017784976543748258,0.00011535630568101705,-0.0006289794026327806,9.501410879514219e-05,0.06126435474717429,International Status,Linear Regression
0.50464773,2.17,8.0,0.5060538,0.5579453,0.4936086,0.492935,0.506889,0.5453989,0.0011278780302882185,0.0002048656723666423,-0.00021321936621454443,-0.00015509312448646712,-0.000277587531818949,-3.637915618217946e-05,4.834870286135801e-05,-0.000712261310217951,-0.0010700545141116733,0.057842128667241255,International Status,Linear Regression
0.50464773,2.25,10.0,0.5371097,0.7489251,0.4954814,0.43839008,0.51456434,0.49278587,0.0011278780302882185,0.0001845012914156838,-0.001017820748156221,0.0018682068193240755,-0.0014386141519883305,-0.0006156056883585909,-0.0014695400529798866,-0.00022974601947487987,-1.2754871880209264e-06,0.05733361525763758,International Status,Linear Regression
0.5047411,2.74,3.0,0.5038685,0.49752742,0.49195704,0.48214746,0.4876907,0.52755105,0.00017658562646397896,5.976945809106302e-05,0.0017982840886396473,-0.00029746598655805624,8.971187374226345e-05,0.00047442144798338443,-0.0002518494763492383,-0.001919175050361427,-0.0007074939895480946,0.05834841925685996,International Status,Linear Regression
0.50479937,3.09,9.0,0.5098919,0.8397697,0.49144542,0.513947,0.49340397,0.5517451,-0.0004170933750429663,-2.9324708569380266e-05,-0.0006155200571853828,9.496008647631764e-05,-0.0019908872138442927,0.0006326571797177334,0.0006330755397095242,-0.0015600065789785674,-0.0011989709718914828,0.05447452116514828,International Status,Linear Regression
0.5048317,3.18,14.0,0.5346879,0.19470172,0.4979764,0.5072166,0.5344003,0.5542854,-0.0007464848649822488,-5.223463713920864e-05,-0.0026270235120395744,0.0017104259208822197,0.001930685102174941,-0.0013872685449263626,0.00044578039870805334,0.001017254635423545,-0.0012505745264119925,0.057966191236444864,International Status,Linear Regression
0.5047411,2.84,14.0,0.53283477,0.2009435,0.496536,0.48870414,0.5022796,0.55094236,0.00017658562646397896,3.4313981902365e-05,-0.0026270235120395744,0.0015896940205066522,0.0018927393469838638,-0.0009417762889743633,-6.938865602629814e-05,-0.001002034268959991,-0.0011826641430304058,0.05679607737158232,International Status,Linear Regression
0.50464773,3.24,1.0,0.5038685,0.5476402,0.49472785,0.46486205,0.514324,0.48361784,0.0011278780302882185,-6.750792285242752e-05,0.002602885470581324,-0.00029746598655805624,-0.00021493956892702304,-0.00038254494865252076,-0.0007328718974859053,-0.0002448551514452117,0.00018496351448526888,0.06090117280418994,International Status,Linear Regression
0.5048317,2.41,3.0,0.5038685,0.46258402,0.4905059,0.51886314,0.5103329,0.47125733,-0.0007464848649822488,0.00014377252951376678,0.0017982840886396473,-0.00029746598655805624,0.0003021438565971349,0.0009232354109812936,0.0007698830302721892,-0.0004957582745491659,0.0004360544296080079,0.061759295484278276,International Status,Linear Regression
0.5047411,2.41,1.0,0.5038685,0.46372634,0.49215803,0.47569656,0.5197628,0.48969704,0.00017658562646397896,0.00014377252951376678,0.002602885470581324,-0.00029746598655805624,0.00029519933194713564,0.0004122585151009926,-0.00043136662616000604,9.705858309859041e-05,6.147088422857741e-05,0.061986029592972614,International Status,Linear Regression
0.50464773,3.12,11.0,0.5057656,0.8947787,0.49506977,0.49156743,0.5156625,0.50106823,0.0011278780302882185,-3.696135142598976e-05,-0.0014201214391270595,-0.00017386942927255023,-0.0023253043268002056,-0.0004882952347918604,1.0291645928727293e-05,-0.00016070946973474455,-0.00016952302323434575,0.05528901666658648,International Status,Linear Regression
0.5048317,3.74,11.0,0.5306216,0.6143597,0.4904112,0.4947647,0.52959573,0.48432076,-0.0007464848649822488,-0.00019478530379591805,-0.0014201214391270595,0.0014455054207029709,-0.0006205485159695425,0.0009525245783227651,9.926602122139428e-05,0.0007152121864316481,0.00017068442518732938,0.05932688377274786,International Status,Linear Regression
0.5047411,2.24,6.0,0.5057656,0.5470769,0.49562776,0.4876538,0.5255352,0.47806704,0.00017658562646397896,0.00018704683903455354,0.0005913820157271323,-0.00017386942927255023,-0.00021151509002851406,-0.0006608724521610867,-9.861776252806342e-05,0.0004599443007717278,0.0002977222478759866,0.05949343756063907,International Status,Linear Regression
0.5049677,3.84,8.0,0.47803277,0.36209813,0.49247319,0.48357767,0.513999,0.49349827,-0.0021321094437547895,-0.00022024077998461606,-0.00021321936621454443,-0.0019806705002673487,0.0009130293703604345,0.00031478466104252077,-0.0002120492588864262,-0.0002652864899255278,-1.5747152833972356e-05,0.05511412230429258,International Status,Linear Regression
0.5048317,2.16,4.0,0.5038685,0.46016258,0.49157548,0.5080863,0.51058847,0.49290013,-0.0007464848649822488,0.00020741121998551205,0.001395983397668809,-0.00029746598655805624,0.0003168645563734617,0.0005924317403889976,0.00046998261315726495,-0.000479691698624816,-3.5965603445426493e-06,0.060381065681820445,International Status,Linear Regression
0.5048733,2.39,3.0,0.5038685,0.51815873,0.4918037,0.5080388,0.49682534,0.45981944,-0.0011703229714299873,0.00014886362475150642,0.0017982840886396473,-0.00029746598655805624,-3.571238640968339e-05,0.0005218470120820237,0.00046866077207834454,-0.0013449199065588924,0.0006684032782536708,0.05968326878960539,International Status,Linear Regression
0.50464773,3.76,14.0,0.5052182,0.5129558,0.49633658,0.41207215,0.48736656,0.52281,0.0011278780302882185,-0.00019987639903365755,-0.0026270235120395744,-0.00020953268131940976,-4.082129006136326e-06,-0.0008800989315167647,-0.00220192154742551,-0.0019395523243768385,-0.0006111844858833863,0.05138023728444363,International Status,Linear Regression
0.50464773,2.74,2.0,0.5038685,0.26144168,0.49230376,0.45270413,0.4891278,0.4811027,0.0011278780302882185,5.976945809106302e-05,0.0022005847796104858,-0.00029746598655805624,0.0015249517723199524,0.00036718660003582705,-0.00107120533096454,-0.0018288308148843163,0.0002360559697530378,0.06124455574244703,International Status,Linear Regression
0.5048317,3.2,6.0,0.51754135,0.35068932,0.49133465,0.5034518,0.50772107,0.49860507,-0.0007464848649822488,-5.732573237694827e-05,0.0005913820157271323,0.0005933237389604401,0.0009823871354981853,0.0006669165362796742,0.0003410126662044373,-0.000659952683112367,-0.00011948648764692027,0.06051740358930768,International Status,Linear Regression
0.50479937,3.95,7.0,0.50561553,0.61882216,0.49197206,0.49564958,0.51381254,0.48130393,-0.0004170933750429663,-0.0002482418037921841,0.00018908132475629392,-0.0001836465287147706,-0.0006476772219973063,0.0004697760066584826,0.00012389066825119587,-0.0002770084203041109,0.00023196819142915406,0.0581666801059999,International Status,Linear Regression
0.50464773,2.38,14.0,0.499335,0.46372795,0.49308226,0.42403245,0.493441,0.54058325,0.0011278780302882185,0.00015140917237037627,-0.0026270235120395744,-0.0005928246879727712,0.00029518954424781637,0.00012640923176407176,-0.001869087529399853,-0.0015576786637049491,-0.0009722295889742132,0.05300767326133471,International Status,Linear Regression
0.5050265,3.85,11.0,0.4586854,0.20482549,0.49568382,0.5039816,0.5104675,0.52833587,-0.002731188305753655,-0.00022278632760348594,-0.0014201214391270595,-0.003241156676288063,0.0018691395017162945,-0.0006782108969463407,0.0003557560641752241,-0.0004872965571354734,-0.0007234367922323392,0.05164632983556139,International Status,Linear Regression
0.5047411,3.43,11.0,0.47001034,0.33994973,0.49360344,0.48340112,0.49879557,0.49280727,0.00017658562646397896,-0.0001158733276109539,-0.0014201214391270595,-0.0025033338965374276,0.0010476765005499075,-3.478325223833462e-05,-0.00021696233346502617,-0.0012210601034386736,-1.7102059483008654e-06,0.05463604883340345,International Status,Linear Regression
0.50464773,3.83,2.0,0.5038685,0.5118611,0.49457592,0.49184996,0.5071805,0.5607847,0.0011278780302882185,-0.0002176952323657463,0.0022005847796104858,-0.00029746598655805624,2.57289859939801e-06,-0.0003355554745850417,1.8153956666147885e-05,-0.0006939359712425302,-0.0013826010515842716,0.05934756721358525,International Status,Linear Regression
0.50479937,2.71,4.0,0.5038685,0.43290383,0.4910676,0.5087783,0.4719904,0.4856547,-0.0004170933750429663,6.740610094767251e-05,0.001395983397668809,-0.00029746598655805624,0.00048257912085903623,0.000749510751047778,0.0004892397505596515,-0.002906184722799849,0.00014358682037014792,0.05863319312180959,International Status,Linear Regression
0.50479937,3.41,1.0,0.5038685,0.54720384,0.49365082,0.45788038,0.5100733,0.4753276,-0.0004170933750429663,-0.00011078223237321428,0.002602885470581324,-0.00029746598655805624,-0.00021228679844565725,-4.943711442036688e-05,-0.0009271594386537028,-0.0005120781990706745,0.00035337112454238867,0.059355584715314436,International Status,Linear Regression
0.50464773,2.24,10.0,0.51963246,0.19895302,0.49480587,0.5133093,0.5119271,0.5262485,0.0011278780302882185,0.00018704683903455354,-0.001017820748156221,0.0007295600980903176,0.001904840104587101,-0.00040667526371039034,0.0006153294753720925,-0.0003955378443789575,-0.0006810340399591921,0.06098921791592371,International Status,Linear Regression
0.5047411,2.3,5.0,0.48025936,0.521769,0.4913302,0.42656446,0.52043337,0.49831158,0.00017658562646397896,0.00017177355332133478,0.0009936827066979706,-0.0018356075839812594,-5.7660359839328534e-05,0.000668292848789381,-0.0017986261645527224,0.0001392144066208842,-0.00011352454330325044,0.05726976175497356,International Status,Linear Regression
0.50478333,3.63,6.0,0.510178,0.578121,0.49158865,0.44530392,0.5017993,0.45635843,-0.0002536711820760511,-0.00016678427998835006,0.0005913820157271323,0.00011359957571747088,-0.00040024199464984216,0.0005883584739276738,-0.0012771401008727897,-0.0010322286439510594,0.0007387100995862015,0.057827615228177365,International Status,Linear Regression
0.50464773,3.4,10.0,0.5128187,0.20575203,0.49201736,0.5003932,0.5481423,0.56423146,0.0011278780302882185,-0.00010823668475434441,-0.001017820748156221,0.00028564186596249274,0.0018635067719477447,0.00045576545459333613,0.00025589723201522105,0.0018811544920281143,-0.0014526183989759607,0.06221679927970403,International Status,Linear Regression
0.5048733,2.67,14.0,0.49476045,-0.20076583,0.49678686,0.494959,0.52191365,0.49777985,-0.0011703229714299873,7.758829142315177e-05,-0.0026270235120395744,-0.0008908578075396947,0.004334857443769004,-0.0010193632004768117,0.0001046730469400116,0.00023227318116131643,-0.00010272300094794296,0.057864732735615654,International Status,Linear Regression
0.5047411,3.05,11.0,0.53409785,0.28542164,0.49075395,0.4822365,0.5233013,0.5120216,0.00017658562646397896,-1.9142518093901016e-05,-0.0014201214391270595,0.0016719840102679586,0.0013791700094811761,0.000846517586704084,-0.00024937165046150976,0.00031950870990657225,-0.000392029351612215,0.061238732248285466,International Status,Linear Regression
0.5048317,2.72,11.0,0.49651504,0.77972627,0.4948979,0.492186,0.5017688,0.4447079,-0.0007464848649822488,6.486055332880264e-05,-0.0014201214391270595,-0.0007765458137346356,-0.0016258642082893772,-0.0004351386435460412,2.7505356164267026e-05,-0.0010341460464853617,0.0009753785088480291,0.05395507466693239,International Status,Linear Regression
0.50464773,3.71,1.0,0.5038685,0.52612495,0.49747798,0.48243254,0.513487,0.4811027,0.0011278780302882185,-0.00018714866093930856,0.002602885470581324,-0.00029746598655805624,-8.414155788292693e-05,-0.001233115358164634,-0.00024391620361705329,-0.0002974737062391288,0.0002360559697530378,0.0605491892619785,International Status,Linear Regression
0.5048317,3.67,8.0,0.47435516,0.26255703,0.49223906,0.509784,0.508118,0.46175206,-0.0007464848649822488,-0.0001769664704638293,-0.00021321936621454443,-0.0022202677460839916,0.0015181712068318436,0.000387197256075873,0.0005172266047295638,-0.0006349994179339343,0.000629144111408249,0.05798543257812394,International Status,Linear Regression
0.50464773,2.75,11.0,0.50192267,0.68606865,0.49112147,0.5594426,0.5249157,0.47943133,0.0011278780302882185,5.722391047219326e-05,-0.0014201214391270595,-0.0004242373159886939,-0.0010564899079617592,0.0007328496375875314,0.0018991377079233724,0.0004209990263454049,0.0002700081143497164,0.06053287902864479,International Status,Linear Regression
0.5047411,3.0,0.0,0.5038685,0.5016343,0.4990823,0.49378335,0.51715827,0.4811027,0.00017658562646397896,-6.414779999552008e-06,0.0030051861615521622,-0.00029746598655805624,6.474485102132015e-05,-0.0017293053998675666,7.195678453088684e-05,-6.667690616951164e-05,0.0002360559697530378,0.0603802975854828,International Status,Linear Regression
0.50464773,2.19,8.0,0.44718134,0.6786669,0.49669853,0.43531632,0.51360947,0.4897352,0.0011278780302882185,0.00019977457712890267,-0.00021321936621454443,-0.003990649170519213,-0.0010114923281871512,-0.0009920441703683512,-0.0015550773631850285,-0.00028977454924317847,6.0695703485947366e-05,0.05226172262794293,International Status,Linear Regression
0.50464773,3.0,0.0,0.5082041,0.5016343,0.4990823,0.49378335,0.5177262,0.4811027,0.0011278780302882185,-6.414779999552008e-06,0.0030051861615521622,-1.5000521497150876e-05,6.474485102132015e-05,-0.0017293053998675666,7.195678453088684e-05,-3.097361366758828e-05,0.0002360559697530378,0.06164975874687073,International Status,Linear Regression
0.50464773,3.0,0.0,0.5038685,0.5016343,0.4990823,0.49378335,0.51715827,0.4811027,0.0011278780302882185,-6.414779999552008e-06,0.0030051861615521622,-0.00029746598655805624,6.474485102132015e-05,-0.0017293053998675666,7.195678453088684e-05,-6.667690616951164e-05,0.0002360559697530378,0.06133158998930721,International Status,Linear Regression
0.50464773,3.75,6.0,0.48170602,0.55358887,0.4905297,0.5423299,0.50116897,0.49661142,0.0011278780302882185,-0.0001973308514147878,0.0005913820157271323,-0.0017413573095820974,-0.00025110341570350403,0.0009158744586821644,0.0014229215009496626,-0.0010718547534411974,-7.898755977627122e-05,0.05964305338048437,International Status,Linear Regression
0.5047411,3.1,2.0,0.5038685,0.30946875,0.49612576,0.51950943,0.52352905,0.50247806,0.00017658562646397896,-3.187025618825014e-05,0.0022005847796104858,-0.00029746598655805624,0.0012329800205496694,-0.0008148957397646125,0.0007878681391331558,0.0003338263632570134,-0.00019816225453365914,0.06231508195672486,International Status,Linear Regression
0.5048733,2.04,4.0,0.48910642,0.6378881,0.49167952,0.48587346,0.5416698,0.42900816,-0.0011703229714299873,0.0002379577914119498,0.001395983397668809,-0.0012592193292248874,-0.0007635851027184724,0.0005602538631956949,-0.00014816147929535306,0.0014742565279855368,0.0012943024111618533,0.060547096373510634,International Status,Linear Regression
0.50464773,2.05,9.0,0.5074728,0.77703846,0.4929073,0.49618888,0.52214134,0.49241257,0.0011278780302882185,0.00023541224379308005,-0.0006155200571853828,-6.264490626490365e-05,-0.0016095241610175842,0.00018052150967393161,0.00013889843443776675,0.00024658706257234085,6.307714363963852e-06,0.05857354713541785,International Status,Linear Regression
0.50479937,3.49,2.0,0.5038685,0.536671,0.49813253,0.47938454,0.5332239,0.48455614,-0.0004170933750429663,-0.0001311466133241728,0.0022005847796104858,-0.00029746598655805624,-0.00014825433204876685,-0.001435557010576043,-0.0003287366585339201,0.0009432994766904867,0.0001659029251034662,0.05947716447007689,International Status,Linear Regression
0.5048317,2.36,4.0,0.5065045,0.45439553,0.49485773,0.5152221,0.52438885,0.5004711,-0.0007464848649822488,0.0001565002676081159,0.001395983397668809,-0.00012572990253265274,0.00035192427771492206,-0.00042271471691344303,0.000668559319914411,0.000387878255027395,-0.00015739294784528375,0.06043415435041677,International Status,Linear Regression
0.50479937,2.02,14.0,0.50191593,0.639623,0.49536657,0.45065606,0.5292315,0.43799293,-0.0004170933750429663,0.00024304888664968943,-0.0026270235120395744,-0.00042467642873768183,-0.0007741321086496335,-0.000580090639933867,-0.0011281995006172908,0.0006923146282326124,0.0011117861459375772,0.0550215653605548,International Status,Linear Regression
0.50464773,3.0,0.0,0.5320891,0.5016343,0.4990823,0.49378335,0.52397925,0.48464733,0.0011278780302882185,-6.414779999552008e-06,0.0030051861615521622,0.0015411134265099794,6.474485102132015e-05,-0.0017293053998675666,7.195678453088684e-05,0.0003621284819765114,0.00016405049502169502,0.06352696931578983,International Status,Linear Regression
0.5047411,3.35,1.0,0.52521646,0.5105396,0.4883778,0.49237686,0.5294026,0.4555716,0.00017658562646397896,-9.55089466599954e-05,0.002602885470581324,0.0010933591471031664,1.0606715152529855e-05,0.0015814220743327614,3.281665276053819e-05,0.000703070942121786,0.000754693733331574,0.0657855626799444,International Status,Linear Regression
0.5047411,3.44,2.0,0.5038685,0.5372732,0.49200213,0.45454013,0.517989,0.46660912,0.00017658562646397896,-0.00011841887522982366,0.0022005847796104858,-0.00029746598655805624,-0.00015191529635319066,0.00046047584549736517,-0.0010201126947350886,-1.4452519044120907e-05,0.0005304779851556884,0.060691390129562706,International Status,Linear Regression
0.50464773,3.04,8.0,0.48652643,0.47809643,0.4904907,0.50834394,0.5100558,0.5500607,0.0011278780302882185,-1.659697047503126e-05,-0.00021321936621454443,-0.0014273063472160488,0.00020783900889605994,0.000927936523374009,0.00047715227916933403,-0.0005131783480657686,-0.0011647541363860913,0.058331381938128146,International Status,Linear Regression
0.5048317,3.67,7.0,0.49411613,0.71278197,0.4913496,0.46778375,0.5243941,0.57035553,-0.0007464848649822488,-0.0001769664704638293,0.00018908132475629392,-0.0009328354227366805,-0.001218888630931954,0.0006622927448144643,-0.0006515661484273069,0.00038820829972592043,-0.0015770225166519883,0.05486144957985939,International Status,Linear Regression
0.50464773,2.21,8.0,0.49420542,0.5036069,0.49401125,0.4942124,0.53016686,0.4578163,0.0011278780302882185,0.00019468348189116303,-0.00021321936621454443,-0.0009270181560664864,5.275279159437494e-05,-0.00016091224203268868,8.389648800269806e-05,0.0007511166490355303,0.0007090949856119404,0.060543903926865816,International Status,Linear Regression
0.50464773,3.27,13.0,0.51849645,0.7000231,0.4941264,0.4584188,0.52826786,0.48745972,0.0011278780302882185,-7.51445657090369e-05,-0.002224722821068736,0.0006555487518028765,-0.0011413234239661884,-0.00019652626124462712,-0.0009121761613123829,0.0006317347666536301,0.00010691971491779663,0.056897819295119056,International Status,Linear Regression
0.50479937,3.79,14.0,0.48593992,0.77960104,0.4961522,0.44940323,0.4991914,0.5052777,-0.0004170933750429663,-0.00020751304189026707,-0.0026270235120395744,-0.0014655176259117007,-0.0016251028955031875,-0.0008230732010582485,-0.0011630635460679146,-0.0011961759904827883,-0.0002550340316378602,0.049146034045121745,International Status,Linear Regression
0.50479937,3.43,8.0,0.50699073,0.8859247,0.49197206,0.5323148,0.5314398,0.5427487,-0.0004170933750429663,-0.0001158733276109539,-0.00021321936621454443,-9.40518918590339e-05,-0.0022714780598600383,0.0004697760066584826,0.0011442189622233115,0.0008311408582820903,-0.0010162184553035585,0.05724283261602814,International Status,Linear Regression
0.50479937,3.35,9.0,0.49933577,0.73320085,0.49092773,0.5445396,0.5171589,0.5104912,-0.0004170933750429663,-9.55089466599954e-05,-0.0006155200571853828,-0.0005927745222729585,-0.0013430214619122157,0.0007927702635720766,0.0014844135479410666,-6.663730080569167e-05,-0.0003609408660639794,0.05771131854632561,International Status,Linear Regression
0.5047411,2.43,11.0,0.49972105,0.46568608,0.49170345,0.5019537,0.50283855,0.4331733,0.00017658562646397896,0.00013868143427602715,-0.0014201214391270595,-0.0005676734302952249,0.0002832854525284184,0.0005528527040142636,0.00029932318998692967,-0.0009668955100566958,0.0012096919206388643,0.058631361213185684,International Status,Linear Regression
0.5048317,3.0,0.0,0.5038685,0.5016343,0.4990823,0.49378335,0.51715827,0.47832847,-0.0007464848649822488,-6.414779999552008e-06,0.0030051861615521622,-0.00029746598655805624,6.474485102132015e-05,-0.0017293053998675666,7.195678453088684e-05,-6.667690616951164e-05,0.0002924115691143061,0.05951358269339835,International Status,Linear Regression
0.50464773,2.25,6.0,0.50574225,0.60862625,0.49136677,0.41783112,0.5152091,0.4652903,0.0011278780302882185,0.0001845012914156838,0.0005913820157271323,-0.000175390687831734,-0.0005856930596573564,0.0006569823435129505,-0.0020416595870408026,-0.00018921275855620834,0.0005572684428861678,0.05905168729549981,International Status,Linear Regression
0.50479937,3.68,10.0,0.51694363,0.7178344,0.49565414,0.4752053,0.49008977,0.5114294,-0.0004170933750429663,-0.00017951201808269918,-0.001017820748156221,0.0005543821258558614,-0.001249603951225212,-0.0006690313564321469,-0.00044503752402170533,-0.0017683559389522917,-0.000379999424049706,0.053353559054649224,International Status,Linear Regression
0.50479937,3.0,0.0,0.5038685,0.5016343,0.4990823,0.49378335,0.51715827,0.4811027,-0.0004170933750429663,-6.414779999552008e-06,0.0030051861615521622,-0.00029746598655805624,6.474485102132015e-05,-0.0017293053998675666,7.195678453088684e-05,-6.667690616951164e-05,0.0002360559697530378,0.05978661858397594,International Status,Linear Regression
0.50479937,2.68,4.0,0.5038685,0.50909305,0.4923484,0.50360024,0.5246895,0.48398113,-0.0004170933750429663,7.50427438042819e-05,0.001395983397668809,-0.00029746598655805624,1.9400750214907884e-05,0.0003533801752193073,0.00034514348914664925,0.00040677881476310865,0.00017758365568050033,0.06098438492965297,International Status,Linear Regression
0.50464773,2.37,2.0,0.5038685,0.54668236,0.49591166,0.49745387,0.5274612,0.5011264,0.0011278780302882185,0.00015395471998924605,0.0022005847796104858,-0.00029746598655805624,-0.00020911655655679842,-0.0007486780974434898,0.00017410087120459398,0.0005810235558889157,-0.00017070468633179737,0.061737207894847046,International Status,Linear Regression
0.50464773,3.09,8.0,0.50889003,0.66699064,0.49580124,0.49923903,0.5089933,0.51285344,0.0011278780302882185,-2.9324708569380266e-05,-0.00021321936621454443,2.968799599736239e-05,-0.0009405086498922795,-0.0007145269901800773,0.00022377872005609992,-0.0005799731084821804,-0.0004089273167314298,0.057420495871028265,International Status,Linear Regression
0.50464773,2.3,5.0,0.50979936,0.38621596,0.4960038,0.47997254,0.53292334,0.49702775,0.0011278780302882185,0.00017177355332133478,0.0009936827066979706,8.893108146277551e-05,0.0007664094521768374,-0.0007771754984872451,-0.00031237365738854086,0.0009244045748638912,-8.744487105978951e-05,0.06182171663663194,International Status,Linear Regression
0.5047411,3.91,14.0,0.51023096,-0.004648626,0.4948963,0.4673645,0.53850776,0.41635278,0.00017658562646397896,-0.00023805961331670481,-0.0026270235120395744,0.00011704993346025688,0.003142598919479058,-0.00043464378960996863,-0.0006632331352133617,0.0012754728063600158,0.0015513833038941118,0.06122576180423511,International Status,Linear Regression
0.50464773,3.9,8.0,0.47922152,0.5873786,0.49023965,0.48941803,0.56243163,0.5001537,0.0011278780302882185,-0.00023551406569783493,-0.00021321936621454443,-0.0019032231292942065,-0.00045652187366783273,0.0010055821987813526,-4.95223585982792e-05,0.002779462608603244,-0.00015094529669982656,0.060829608012256564,International Status,Linear Regression
0.5048317,3.79,14.0,0.51323533,1.0200832,0.49683222,0.41582876,0.52913696,0.47888076,-0.0007464848649822488,-0.00020751304189026707,-0.0026270235120395744,0.00031278541857535677,-0.0030870700220570558,-0.0010333923095645512,-0.0020973817281521334,0.0006863713090328324,0.0002811923717257566,0.05040711488540506,International Status,Linear Regression
0.50479937,2.7,9.0,0.5385693,0.087166354,0.49045324,0.4267466,0.52594143,0.5419293,-0.0004170933750429663,6.995164856654226e-05,-0.0006155200571853828,0.0019633001380810872,0.002584426610625873,0.0009395222911523741,-0.0017935575301503083,0.00048548221655898805,-0.0009995731958562075,0.06114257001150758,International Status,Linear Regression
0.50479937,3.77,5.0,0.5273198,0.44336534,0.49200213,0.5037841,0.5045512,0.45499837,-0.0004170933750429663,-0.00020242194665252744,0.0009936827066979706,0.0012303922939066556,0.000418980292097208,0.00046047584549736517,0.0003502599881102348,-0.0008592286428311239,0.0007663383050584538,0.06166701673159647,International Status,Linear Regression
0.50479937,2.17,12.0,0.50346583,0.34372333,0.49075395,0.38479215,0.5126616,0.5585572,-0.0004170933750429663,0.0002048656723666423,-0.0018224221300978977,-0.0003237000415483895,0.0010247355923812364,0.000846517586704084,-0.0029610757502247656,-0.0003493630194134408,-0.0013373517039897216,0.053790744095891796,International Status,Linear Regression
0.50479937,3.31,12.0,0.42582333,0.8506245,0.49557516,0.52721757,0.50789696,0.4414155,-0.0004170933750429663,-8.532675618451616e-05,-0.0018224221300978977,-0.00538212906428835,-0.002056876976932403,-0.0006446041290126166,0.001002372056903135,-0.0006488952427268234,0.0010422601932566899,0.04991291584063262,International Status,Linear Regression
0.50464773,3.27,11.0,0.5056742,0.72233397,0.4940503,0.4994796,0.51799875,0.47179377,0.0011278780302882185,-7.51445657090369e-05,-0.0014201214391270595,-0.0001798241629902797,-0.0012769582606826288,-0.00017298977091002743,0.00023047335812675446,-1.383957888971652e-05,0.00042515720849751586,0.05757026208335958,International Status,Linear Regression
0.50479937,2.43,5.0,0.5189206,0.43744546,0.49326357,0.5181329,0.5109318,0.49139553,-0.0004170933750429663,0.00013868143427602715,0.0009936827066979706,0.0006831822343671284,0.00045496911535604644,7.033300229541573e-05,0.0007495617412306891,-0.000458108032654206,2.6967825016066543e-05,0.06116780791629761,International Status,Linear Regression
0.5047411,2.44,5.0,0.5052531,0.42146116,0.49076125,0.45232743,0.5012523,0.50400275,0.00017658562646397896,0.0001361358866571574,0.0009936827066979706,-0.00020725893726307557,0.0005521427316483111,0.0008442598156207432,-0.0010816882264262147,-0.0010666161582548487,-0.00022913474736595442,0.05904373996253387,International Status,Linear Regression
0.5047411,3.3,9.0,0.45940608,0.60568345,0.4930319,0.51403,0.50847477,0.52036625,0.00017658562646397896,-8.278120856564629e-05,-0.0006155200571853828,-0.0031942041872761416,-0.000567802847510132,0.0001419847594020403,0.0006353852830684794,-0.0006125708375350973,-0.0005615422442743279,0.054245165551344066,International Status,Linear Regression
0.5047411,3.75,11.0,0.50962174,0.6179657,0.49326745,0.46461403,0.50293,0.42816108,0.00017658562646397896,-0.0001973308514147878,-0.0014201214391270595,7.735909237150438e-05,-0.000642470530718384,6.913298150042897e-05,-0.0007397738558942001,-0.00096114644573662,0.001311509961043061,0.05659937580324481,International Status,Linear Regression
0.50479937,2.06,2.0,0.51323533,0.55393356,0.49230376,0.48316467,0.526425,0.44225317,-0.0004170933750429663,0.0002328666961742102,0.0022005847796104858,0.00031278541857535677,-0.0002531988952553007,0.00036718660003582705,-0.00022354231921472862,0.00051588216224799,0.0010252437977462414,0.06268634612963364,International Status,Linear Regression
0.5047411,2.57,11.0,0.5068342,0.41442627,0.49019578,0.5008769,0.5348005,0.5299122,0.00017658562646397896,0.00010304376761184989,-0.0014201214391270595,-0.0001042498619775791,0.0005949100534277003,0.0010191504751411238,0.0002693577484336221,0.001042413471299918,-0.0007554582979983173,0.059851262808031436,International Status,Linear Regression
0.50464773,3.91,13.0,0.48652643,0.8635775,0.49038094,0.5108911,0.5242168,0.4818682,0.0011278780302882185,-0.00023805961331670481,-0.002224722821068736,-0.0014273063472160488,-0.0021356223615806957,0.0009618835033887949,0.0005480352417500578,0.00037706221876420196,0.00022050563279069047,0.05613528474855656,International Status,Linear Regression
0.5047411,3.9,4.0,0.51123554,0.5232764,0.49301997,0.54703826,0.5160519,0.5032241,0.00017658562646397896,-0.00023551406569783493,0.001395983397668809,0.00018249858114244478,-6.682432130144783e-05,0.00014567451406291858,0.0015539468412096287,-0.00013622958295248522,-0.0002133172818196019,0.06172843497353231,International Status,Linear Regression
0.5047411,2.38,5.0,0.49476045,0.3674375,0.49230376,0.4742275,0.5255834,0.46828365,0.00017658562646397896,0.00015140917237037627,0.0009936827066979706,-0.0008908578075396947,0.0008805696510344443,0.00036718660003582705,-0.0004722479704842087,0.000462974425432504,0.0004964616484430057,0.061091395317211195,International Status,Linear Regression
0.50464773,3.13,11.0,0.51849645,0.7466514,0.49458876,0.47405273,0.51152265,0.6053464,0.0011278780302882185,-3.950689904485952e-05,-0.0014201214391270595,0.0006555487518028765,-0.0014247916104091732,-0.00033952667742205214,-0.000477111510807642,-0.0004209638592969986,-0.002287825676816151,0.05429921037392482,International Status,Linear Regression
0.50479937,3.03,3.0,0.501645,0.42917728,0.49237493,0.5188746,0.5029003,0.4925049,-0.0004170933750429663,-1.405142285616139e-05,0.0017982840886396473,-0.00044232758854231136,0.0005052339971935606,0.00034517487839176445,0.0007702019418251236,-0.0009630135557454378,4.432126366924104e-06,0.060512472354987246,International Status,Linear Regression
0.5048317,2.03,7.0,0.48170602,0.6137108,0.49197367,0.48917544,0.53240085,0.4972723,-0.0007464848649822488,0.00024050333903081968,0.00018908132475629392,-0.0017413573095820974,-0.0006166036475916939,0.0004692780598853112,-5.6273209700077644e-05,0.0008915578978098041,-9.241265016382875e-05,0.057462920204218726,International Status,Linear Regression
0.50479937,3.0,0.0,0.5017572,0.5016343,0.4990823,0.49378335,0.5551292,0.5192916,-0.0004170933750429663,-6.414779999552008e-06,0.0030051861615521622,-0.0004350177294271173,6.474485102132015e-05,-0.0017293053998675666,7.195678453088684e-05,0.0023203905499607673,-0.000539711846342797,0.061260366481141304,International Status,Linear Regression
0.50464773,3.84,1.0,0.5117452,0.6451077,0.49599287,0.52877086,0.50673854,0.4915198,0.0011278780302882185,-0.00022024077998461606,0.002602885470581324,0.00021570306239600414,-0.0008074753350203957,-0.000773795027536423,0.001045597373313179,-0.0007217200769494886,2.4443409112329713e-05,0.06141890739095679,International Status,Linear Regression
0.50464773,3.41,10.0,0.5172245,0.34805965,0.48987758,0.50189143,0.51124907,0.4840299,0.0011278780302882185,-0.00011078223237321428,-0.001017820748156221,0.0005726808792398575,0.000998373731317538,0.0011175645516781595,0.0002975903259030496,-0.000438162645701443,0.0001765929438141984,0.06164954610076645,International Status,Linear Regression
0.50464773,3.48,4.0,0.5079937,0.46999156,0.4905297,0.49789667,0.519448,0.4641719,0.0011278780302882185,-0.0001286010657053029,0.001395983397668809,-2.8708136094629907e-05,0.0002571110775808751,0.0009158744586821644,0.00018642321288346068,7.726847431827638e-05,0.000579987576600979,0.06330884829097894,International Status,Linear Regression
0.50479937,2.98,9.0,0.5142108,0.8995637,0.493812,0.48267424,0.5105361,0.49956125,-0.0004170933750429663,-1.323684761812382e-06,-0.0006155200571853828,0.0003763375422036794,-0.0023543938555226694,-9.928746280577043e-05,-0.00023719011964283971,-0.0004829839730747,-0.00013891029064712552,0.05495526598827638,International Status,Linear Regression
0.50479937,2.11,9.0,0.5068342,0.24393605,0.48951456,0.5153329,0.50144434,0.47173297,-0.0004170933750429663,0.00022013895807986117,-0.0006155200571853828,-0.0001042498619775791,0.0016313740349510567,0.001229840724099494,0.000671642688157451,-0.0010545434375109689,0.00042639229731176943,0.060913613235638486,International Status,Linear Regression
0.50484115,3.65,13.0,0.47722274,0.39066982,0.495534,0.527204,0.5118466,0.56555533,-0.0008427653963745398,-0.00017187537522608966,-0.002224722821068736,-0.0020334441649650357,0.0007393330282696621,-0.0006318740115070611,0.0010019944277780616,-0.0004005985297563848,-0.0014795114422082821,0.05288216697969883,International Status,Linear Regression
0.50479937,2.73,11.0,0.49808282,0.8381657,0.49125364,0.51015204,0.51568305,0.5315867,-0.0004170933750429663,6.231500570993288e-05,-0.0014201214391270595,-0.0006744045399055977,-0.0019811359904230116,0.0006919716096305961,0.0005274685076913765,-0.0001594175804862195,-0.0007894740252921751,0.05476573943751095,International Status,Linear Regression
0.50479937,3.36,2.0,0.47503024,0.50180554,0.49277958,0.5305534,0.52042264,0.48679984,-0.0004170933750429663,-9.805449427886516e-05,0.0022005847796104858,-0.002176286108904982,6.370382888998571e-05,0.00022002322512116023,0.0010952023121935963,0.0001385398581227521,0.00012032449134459398,0.060072575781811466,International Status,Linear Regression
0.5048317,2.44,9.0,0.501645,0.35539502,0.49246284,0.5567264,0.5144447,0.5168959,-0.0007464848649822488,0.0001361358866571574,-0.0006155200571853828,-0.00044232758854231136,0.0009537796965620725,0.000317985747441507,0.0018235506607956824,-0.00023726726666190877,-0.0004910456905482915,0.059624437788291296,International Status,Linear Regression
0.50479937,3.19,14.0,0.5105327,0.6658386,0.4922273,0.46272606,0.5005957,0.55312127,-0.0004170933750429663,-5.47801847580784e-05,-0.0026270235120395744,0.00013670837275988335,-0.0009335050342873832,0.00039083443250603663,-0.0007923127254051577,-0.0011078937485507713,-0.001226926435271591,0.05229363905466666,International Status,Linear Regression
0.50479937,3.24,10.0,0.50108916,0.28500476,0.4903521,0.49237657,0.514012,0.46400082,-0.0004170933750429663,-6.750792285242752e-05,-0.001017820748156221,-0.0004785407087792904,0.0013817043548800935,0.0009708032455865484,3.280858257289807e-05,-0.0002644692363863127,0.0005834628890079275,0.05964897834558602,International Status,Linear Regression
0.5048317,2.66,3.0,0.5038685,0.50500137,0.49438936,0.46394318,0.5056958,0.54568774,-0.0007464848649822488,8.013383904202152e-05,0.0017982840886396473,-0.00029746598655805624,4.427536732737058e-05,-0.0002778555056386341,-0.0007584424261635506,-0.000787272611986295,-0.0010759219985378048,0.056904881165899646,International Status,Linear Regression
0.50479937,3.0,0.0,0.53283477,0.5016343,0.4990823,0.49378335,0.5133065,0.4995091,-0.0004170933750429663,-6.414779999552008e-06,0.0030051861615521622,0.0015896940205066522,6.474485102132015e-05,-0.0017293053998675666,7.195678453088684e-05,-0.0003088209573028131,-0.00013785091759345233,0.06105772765256123,International Status,Linear Regression
0.50484115,2.1,14.0,0.49353456,0.84011173,0.4946688,0.445669,0.515521,0.50316423,-0.0008427653963745398,0.00022268450569873092,-0.0026270235120395744,-0.0009707248591504327,-0.001992966522414605,-0.00036428174557423163,-0.00126698056948137,-0.00016960496018079036,-0.00021210108498885715,0.050701867120251265,International Status,Linear Regression
0.5047411,2.57,1.0,0.51098156,0.510275,0.49285772,0.49694812,0.5063289,0.47155398,0.00017658562646397896,0.00010304376761184989,0.002602885470581324,0.00016595171823622729,1.2215302258060168e-05,0.00019585579601807013,0.00016002674224323973,-0.0007474723646266453,0.00043002829314833416,0.06202475161669074,International Status,Linear Regression
0.5048317,2.24,2.0,0.46600777,0.423994,0.49612576,0.5467418,0.51245564,0.52294904,-0.0007464848649822488,0.00018704683903455354,0.0022005847796104858,-0.002764102370679147,0.0005367447960308804,-0.0008148957397646125,0.001545696883183166,-0.0003623108301008466,-0.0006140089389875592,0.05809390181810148,International Status,Linear Regression
0.5048317,3.8,10.0,0.5615949,0.5397786,0.49531704,0.4740219,0.5065876,0.4545542,-0.0007464848649822488,-0.00021005858950913682,-0.001017820748156221,0.0034634239530793305,-0.00016714641553004789,-0.0005647718177752227,-0.00047796945523844434,-0.0007312090191963111,0.0007753611570095512,0.059248955464457076,International Status,Linear Regression
0.50464773,2.32,11.0,0.52397436,0.22343259,0.49159,0.47914314,0.50142556,0.4884342,0.0011278780302882185,0.00016668245808359515,-0.0014201214391270595,0.0010124360097860342,0.001756021054507984,0.0005879409409191066,-0.00033545439403816283,-0.0010557240545468467,8.712416643567044e-05,0.06085241403706476,International Status,Linear Regression
0.5047411,2.23,7.0,0.50781465,0.2729076,0.49486017,0.4849528,0.51115334,0.41347206,0.00017658562646397896,0.00018959238665342343,0.00018908132475629392,-4.037329005697501e-05,0.0014552468174255997,-0.0004234693691659559,-0.00017378182051049727,-0.00044418077503288836,0.0016099021369367918,0.061464234302225584,International Status,Linear Regression
0.5047411,3.4,14.0,0.4962216,0.20747848,0.49080864,0.45719194,0.52635556,0.5008192,0.00017658562646397896,-0.00010823668475434441,-0.0026270235120395744,-0.0007956635058804704,0.0018530111362397195,0.0008296028606015949,-0.0009463175075457514,0.000511516771035452,-0.00016446423758609892,0.0576546422112898,International Status,Linear Regression
0.50479937,3.17,14.0,0.48495126,0.47622657,0.49650806,0.5010656,0.537498,0.5189541,-0.0004170933750429663,-4.968908952033877e-05,-0.0026270235120395744,-0.0015299290814627486,0.00021920647936147,-0.0009331349021156431,0.00027460893604609466,0.0012119935806865325,-0.0005328558845860474,0.05454171441608224,International Status,Linear Regression
0.5047411,2.17,13.0,0.51271605,0.19605903,0.49519923,0.6162475,0.5354044,0.5092367,0.00017658562646397896,0.0002048656723666423,-0.002224722821068736,0.00027895419182546517,0.0019224335853034072,-0.0005283351038945626,0.003479917714323349,0.0010803780414791854,-0.00033545700228962975,0.06298025116926631,International Status,Linear Regression
0.5049677,2.12,13.0,0.53474975,0.76476926,0.49612695,0.5138132,0.5135219,0.4862892,-0.0021321094437547895,0.00021759341046099132,-0.002224722821068736,0.0017144554644319074,-0.0015349358128876661,-0.0008152637873795638,0.0006293521221019512,-0.00029527969481463054,0.00013069761226745853,0.05461541831411498,International Status,Linear Regression
0.50479937,2.02,3.0,0.510178,0.5413912,0.49326536,0.43609637,0.5039792,0.49417228,-0.0004170933750429663,0.00024304888664968943,0.0017982840886396473,0.00011359957571747088,-0.00017694992107191725,6.977938445443077e-05,-0.0015333699498458208,-0.0008951877985564792,-2.9438965526318984e-05,0.058098303190174505,International Status,Linear Regression
0.5048317,3.71,2.0,0.5038685,0.53629446,0.4948643,0.52006984,0.5259876,0.4811027,-0.0007464848649822488,-0.00018714866093930856,0.0022005847796104858,-0.00029746598655805624,-0.00014596522627130474,-0.0004247467108884481,0.0008034633593234306,0.0004883847239363272,0.0002360559697530378,0.06085230864773994,International Status,Linear Regression
0.50464773,3.99,1.0,0.51740783,0.491736,0.49664184,0.49240363,0.5212788,0.4678321,0.0011278780302882185,-0.0002584239942676633,0.002602885470581324,0.0005846248763128408,0.00012491974802311068,-0.000974510876845767,3.356161456438353e-05,0.00019236291890215596,0.0005056344174245185,0.06286456346973868,International Status,Linear Regression
0.50479937,3.72,8.0,0.51271605,0.76900154,0.49125364,0.49891776,0.48289073,0.4396576,-0.0004170933750429663,-0.00018969420855817842,-0.00021321936621454443,0.00027895419182546517,-0.0015606651818785772,0.0006919716096305961,0.00021483834356294358,-0.002220928317331755,0.001077970104877996,0.05658776506562724,International Status,Linear Regression
0.50479937,2.16,10.0,0.51945955,0.89877963,0.4915158,0.43768275,0.5071805,0.5325522,-0.0004170933750429663,0.00020741121998551205,-0.001017820748156221,0.000718294966721263,-0.0023496272459541385,0.0006108897922046169,-0.0014892237971978486,-0.0006939359712425302,-0.0008090871544066712,0.05368543895166766,International Status,Linear Regression
0.50478333,2.36,1.0,0.5038685,0.50165844,0.492954,0.5028035,0.51082045,0.5351101,-0.0002536711820760511,0.0001565002676081159,0.002602885470581324,-0.00029746598655805624,6.459809632469276e-05,0.00016607796041472379,0.0003229716225946575,-0.0004651081235458503,-0.0008610482346365689,0.06036137115546314,International Status,Linear Regression
0.50479937,3.51,8.0,0.53283477,0.89689124,0.4910084,0.44445407,0.5108643,0.546751,-0.0004170933750429663,-0.00013623770856191229,-0.00021321936621454443,0.0015896940205066522,-0.00233814712575681,0.000767820346682567,-0.0013007899248921803,-0.0004623514644924251,-0.0010975210204562697,0.05531778564652967,International Status,Linear Regression
0.5048317,2.31,12.0,0.4903326,0.18156914,0.4936092,0.48095137,0.510763,0.40599847,-0.0007464848649822488,0.00016922800570246492,-0.0018224221300978977,-0.0011793333840388954,0.0020105222104529054,-3.656472640821312e-05,-0.0002851345478457995,-0.00046871975553260223,0.0017617203509386523,0.05832844242294666,International Status,Linear Regression
0.50464773,2.85,11.0,0.5273198,0.6701203,0.49580124,0.5048857,0.513047,0.4875614,0.0011278780302882185,3.176843428349513e-05,-0.0014201214391270595,0.0012303922939066556,-0.0009595348430921851,-0.0007145269901800773,0.0003809155698479066,-0.00032513459525863175,0.0001048541913876447,0.05838212191681258,International Status,Linear Regression
0.50479937,2.84,11.0,0.47708422,0.5712678,0.49220917,0.4925331,0.51456094,0.3931417,-0.0004170933750429663,3.4313981902365e-05,-0.0014201214391270595,-0.0020424687789101018,-0.000358579223857618,0.00039644174616919407,3.716453592202411e-05,-0.00022995976270821157,0.002022892272228516,0.05694822122133214,International Status,Linear Regression
0.5048317,2.54,4.0,0.50112724,0.4353165,0.4931782,0.46864992,0.5179054,0.5148385,-0.0007464848649822488,0.00011068041046845928,0.001395983397668809,-0.0004760597868977741,0.0004679117366870763,9.67365526221376e-05,-0.0006274621676414335,-1.970808795783107e-05,-0.0004492517476791446,0.058677976707044444,International Status,Linear Regression
0.50464773,3.13,12.0,0.50191593,0.3944365,0.49486598,0.47404683,0.53282195,0.547763,0.0011278780302882185,-3.950689904485952e-05,-0.0018224221300978977,-0.00042467642873768183,0.000716434188970115,-0.0004252663075213286,-0.0004772756973837607,0.0009180306259146028,-0.001118078748746139,0.057380747898397644,International Status,Linear Regression
0.50479937,3.29,9.0,0.5019902,0.833609,0.49136677,0.5059117,0.4945895,0.4740922,-0.0004170933750429663,-8.023566094677652e-05,-0.0006155200571853828,-0.0004198377189650816,-0.0019534343696226662,0.0006569823435129505,0.0004094673371525992,-0.0014854774567983598,0.00037846699166620715,0.05539894929852629,International Status,Linear Regression
0.5047411,2.72,2.0,0.5038685,0.38840395,0.4924676,0.4802971,0.48316026,0.47434002,0.00017658562646397896,6.486055332880264e-05,0.0022005847796104858,-0.00029746598655805624,0.0007531079688018189,0.00031651355698168455,-0.00030334172600802377,-0.0022039841368376024,0.0003734327859104814,0.0600059246864495,International Status,Linear Regression
0.5048317,3.24,9.0,0.47001034,0.6348866,0.49506655,0.5237517,0.5039891,0.48736876,-0.0007464848649822488,-6.750792285242752e-05,-0.0006155200571853828,-0.0025033338965374276,-0.0007453380347016539,-0.0004872993412455003,0.0009059230181620851,-0.0008945654285535399,0.00010876747278859304,0.05388027220964897,International Status,Linear Regression
0.50479937,3.14,3.0,0.5038685,0.51233935,0.4911179,0.47381878,0.50502837,0.47921377,-0.0004170933750429663,-4.205244666372939e-05,0.0017982840886396473,-0.00029746598655805624,-3.345344437616445e-07,0.0007339537804324026,-0.0004836219259742429,-0.0008292310373460397,0.0002744276196528232,0.059662497447452445,International Status,Linear Regression
0.50479937,3.8,4.0,0.48965168,0.5404866,0.4918832,0.4910251,0.51197344,0.48668128,-0.0004170933750429663,-0.00021005858950913682,0.001395983397668809,-0.0012236954987333505,-0.00017145057150403032,0.0004972589571332676,-4.80043980456255e-06,-0.00039262464983994683,0.00012273291453238715,0.05852188340965725,International Status,Linear Regression
0.50479937,3.0,0.0,0.5038685,0.5016343,0.4990823,0.49378335,0.51715827,0.4957111,-0.0004170933750429663,-6.414779999552008e-06,0.0030051861615521622,-0.00029746598655805624,6.474485102132015e-05,-0.0017293053998675666,7.195678453088684e-05,-6.667690616951164e-05,-6.06984946241613e-05,0.059489864119598224,International Status,Linear Regression
0.50464773,2.3,9.0,0.54380953,0.3757518,0.49075395,0.47692823,0.5085349,0.5198569,0.0011278780302882185,0.00017177355332133478,-0.0006155200571853828,0.00230470248238778,0.0008300243911269863,0.000846517586704084,-0.0003970914261247504,-0.0006087907255879518,-0.0005511953283608433,0.06203392977132616,International Status,Linear Regression
0.5050265,3.13,4.0,0.5038685,0.5643457,0.49113983,0.5503429,0.52164215,0.5051941,-0.002731188305753655,-3.950689904485952e-05,0.001395983397668809,-0.00029746598655805624,-0.00031649758816905556,0.0007271711886710663,0.001645909133905322,0.00021520515532314697,-0.00025333578451826083,0.05927190557628048,International Status,Linear Regression
0.50464773,3.49,12.0,0.50979936,0.75708526,0.4934184,0.48685348,0.53376573,0.49251235,0.0011278780302882185,-0.0001311466133241728,-0.0018224221300978977,8.893108146277551e-05,-0.001488222346073995,2.2446605468808335e-05,-0.00012088925415505447,0.0009773619755483038,4.280787359257311e-06,0.05758384940123307,International Status,Linear Regression
0.50479937,3.56,11.0,0.5273198,0.87345994,0.49486598,0.5196188,0.5286929,0.4384303,-0.0004170933750429663,-0.0001489654466562614,-0.0014201214391270595,0.0012303922939066556,-0.0021957008406252162,-0.0004252663075213286,0.0007909117130026628,0.0006584551854464694,0.0011029014289196523,0.05810114447705761,International Status,Linear Regression
0.50479937,3.1,10.0,0.52252406,0.86326194,0.49425817,0.5167878,0.51243174,0.55617636,-0.0004170933750429663,-3.187025618825014e-05,-0.001017820748156221,0.0009179485884423135,-0.0021337039725141,-0.00023728057571754,0.0007121299846989711,-0.0003638133192998583,-0.001288987413652122,0.055065140177326555,International Status,Linear Regression
0.50464773,3.36,1.0,0.5038685,0.5538947,0.49668732,0.4975356,0.51715827,0.4811027,0.0011278780302882185,-9.805449427886516e-05,0.002602885470581324,-0.00029746598655805624,-0.00025296265302203897,-0.0009885770999787098,0.00017637527270733536,-6.667690616951164e-05,0.0002360559697530378,0.061365088868078566,International Status,Linear Regression
0.5048317,2.29,8.0,0.50215507,0.3021049,0.49230376,0.50560784,0.52039605,0.5421821,-0.0007464848649822488,0.00017431910094020453,-0.00021321936621454443,-0.00040909639568235555,0.0012777471942347098,0.00036718660003582705,0.0004010114502001604,0.00013686826030677497,-0.0010047085651365235,0.05890925467846042,International Status,Linear Regression
0.50464773,3.86,6.0,0.51754135,0.35260212,0.49219736,0.49859846,0.5220083,0.43269378,0.0011278780302882185,-0.0002253318752223557,0.0005913820157271323,0.0005933237389604401,0.0009707586191888166,0.00040009438678485185,0.0002059527886892714,0.0002382234155833511,0.0012194328711028547,0.06404734525585987,International Status,Linear Regression
0.5048317,3.0,0.0,0.5038685,0.5016343,0.4990823,0.49378335,0.53268886,0.47200477,-0.0007464848649822488,-6.414779999552008e-06,0.0030051861615521622,-0.00029746598655805624,6.474485102132015e-05,-0.0017293053998675666,7.195678453088684e-05,0.0009096638356427751,0.00042087096277699935,0.06061838282887333,International Status,Linear Regression
0.50464773,3.72,9.0,0.5014578,0.85136634,0.4908191,0.49127084,0.51080513,0.5090338,0.0011278780302882185,-0.00018969420855817842,-0.0006155200571853828,-0.00045452371711953636,-0.0020613868569715824,0.0008263677529945043,2.0380702319434864e-06,-0.0004660712254089795,-0.0003313352996512754,0.05676338375337675,International Status,Linear Regression
0.50464773,2.25,1.0,0.5011829,0.47909158,0.50049394,0.51639175,0.5153781,0.52658087,0.0011278780302882185,0.0001845012914156838,0.002602885470581324,-0.0004724335234543536,0.00020178917723291255,-0.0021659026563186205,0.0007011086129240945,-0.00017858846254644622,-0.0006877857910972387,0.060239083413780925,International Status,Linear Regression
0.50479937,3.0,0.0,0.5038685,0.5016343,0.4990823,0.49378335,0.51715827,0.4811027,-0.0004170933750429663,-6.414779999552008e-06,0.0030051861615521622,-0.00029746598655805624,6.474485102132015e-05,-0.0017293053998675666,7.195678453088684e-05,-6.667690616951164e-05,0.0002360559697530378,0.05978661858397594,International Status,Linear Regression
0.50484115,3.11,4.0,0.5038685,0.60899764,0.49157608,0.47283614,0.52774197,0.49256814,-0.0008427653963745398,-3.441580380711989e-05,0.001395983397668809,-0.00029746598655805624,-0.0005879508569556291,0.000592246170162964,-0.0005109670610856301,0.0005986743463662044,3.1474714884156097e-06,0.059242117545661444,International Status,Linear Regression
0.50464773,3.86,7.0,0.5004125,0.41222322,0.48986205,0.50941026,0.5102418,0.5272741,0.0011278780302882185,-0.0002253318752223557,0.00018908132475629392,-0.0005226252833683004,0.0006083030913069113,0.0011223677276951882,0.0005068260808382808,-0.0005014853358893409,-0.0007018680381154065,0.06052877698704595,International Status,Linear Regression
0.50479937,2.1,10.0,0.52872306,0.5342976,0.49144596,0.47695392,0.5195828,0.47536576,-0.0004170933750429663,0.00022268450569873092,-0.001017820748156221,0.0013218150470437925,-0.00013382568262977084,0.00063249016651431,-0.0003963765188128044,8.574276486334176e-05,0.0003525959437997586,0.059575843368035564,International Status,Linear Regression
0.5048317,3.53,13.0,0.4927674,0.7684186,0.49415335,0.5284043,0.5194858,0.513503,-0.0007464848649822488,-0.00014132880379965192,-0.002224722821068736,-0.0010207055322236224,-0.001557121305207005,-0.00020486145723039008,0.0010353966561365653,7.964479614767769e-05,-0.00042212245308317724,0.05372332547944669,International Status,Linear Regression
0.50478333,3.71,13.0,0.5140385,0.8806222,0.4958238,0.5099585,0.51589316,0.51580566,-0.0002536711820760511,-0.00018714866093930856,-0.002224722821068736,0.00036511215249291316,-0.002239242484927778,-0.0007215044306787437,0.00052208263143002,-0.00014620887732284251,-0.00046889859796850374,0.05357142899369727,International Status,Linear Regression
0.5047411,3.67,13.0,0.5295488,0.7637074,0.49173093,0.531798,0.50561684,0.45246303,0.00017658562646397896,-0.0001769664704638293,-0.002224722821068736,0.0013756122223181255,-0.0015284804300309816,0.0005443535876621589,0.0011298373312846515,-0.0007922364842521631,0.0008178411023335891,0.058247454929004405,International Status,Linear Regression
0.50464773,2.47,7.0,0.5128187,0.61263937,0.49180976,0.46807843,0.54965955,0.48770964,0.0011278780302882185,0.0001284992438005479,0.00018908132475629392,0.00028564186596249274,-0.0006100900856775644,0.0005199727527991456,-0.0006433657246560138,0.001976537409902755,0.00010184284984447213,0.0620016289317773,International Status,Linear Regression
0.50479937,2.87,14.0,0.48564237,0.8492124,0.49713475,0.4867097,0.51366144,0.51072,-0.0004170933750429663,2.6677339045755503e-05,-0.0026270235120395744,-0.0014849030856240546,-0.0020482923743181934,-0.00112695991036514,-0.00012489039753036472,-0.00028650742105603317,-0.00036558870028603513,0.05047104982754025,International Status,Linear Regression
0.5048317,3.9,9.0,0.5068975,0.36277562,0.4939658,0.5056517,0.5355237,0.5115241,-0.0007464848649822488,-0.00023551406569783493,-0.0006155200571853828,-0.00010012585055162835,0.0009089106943282124,-0.00014685529741104237,0.0004022319965100863,0.0010878779143428854,-0.0003819231561337481,0.05909822857797575,International Status,Linear Regression
0.50479937,3.44,1.0,0.5038685,0.5355866,0.49958932,0.48144376,0.5047866,0.49356157,-0.0004170933750429663,-0.00011841887522982366,0.002602885470581324,-0.00029746598655805624,-0.0001416619214016112,-0.001886118426535709,-0.00027143220408053806,-0.00084443006720569,-1.7033026550126983e-05,0.05753486285273279,International Status,Linear Regression
0.50464773,3.75,4.0,0.5038685,0.752691,0.49099308,0.5147402,0.5086633,0.5640586,0.0011278780302882185,-0.0001973308514147878,0.001395983397668809,-0.00029746598655805624,-0.0014615082494211264,0.0007725585731204857,0.000655148894315841,-0.000600718775246804,-0.0014491069277188583,0.058871069369790696,International Status,Linear Regression
0.50464773,2.21,2.0,0.5038685,0.45206928,0.4933403,0.49760592,0.515137,0.5136419,0.0011278780302882185,0.00019468348189116303,0.0022005847796104858,-0.00029746598655805624,0.0003660662873681366,4.660166322348587e-05,0.00017833215406880203,-0.00019374537241599634,-0.0004249440622328429,0.062123622239999676,International Status,Linear Regression
0.5047411,2.52,2.0,0.5038685,0.4406954,0.49668732,0.49111956,0.52045304,0.5705047,0.00017658562646397896,0.0001157715057061989,0.0022005847796104858,-0.00029746598655805624,0.00043521170198587174,-0.0009885770999787098,-2.1717848926698946e-06,0.00014045097409137145,-0.0015800527501786663,0.059125968231005466,International Status,Linear Regression
0.5047411,3.33,7.0,0.49701136,0.2529093,0.4932964,0.50616485,0.5110746,0.5295835,0.00017658562646397896,-9.041785142225578e-05,0.00018908132475629392,-0.0007442104369427204,0.0015768228095364581,6.0179218094553804e-05,0.00041651205439741806,-0.00044913081685424007,-0.0007487810990962605,0.05931227209368917,International Status,Linear Regression
0.5047411,2.48,4.0,0.5371097,0.52361584,0.491577,0.47810304,0.51381344,0.50665474,0.00017658562646397896,0.00012595369618167816,0.001395983397668809,0.0018682068193240755,-6.88878844424208e-05,0.000591961629149733,-0.0003643985394315477,-0.0002769518412129365,-0.00028300716816382883,0.0620910770002947,International Status,Linear Regression
0.50464773,3.74,8.0,0.5335701,0.5804122,0.49197206,0.4991929,0.5119271,0.49802983,0.0011278780302882185,-0.00019478530379591805,-0.00021321936621454443,0.00163760096082016,-0.00041417092426507973,0.0004697760066584826,0.00022249500365671896,-0.0003955378443789575,-0.00010780108485891248,0.06105786674266778,International Status,Linear Regression
0.50479937,2.17,13.0,0.5378573,0.17027754,0.49375197,0.48254186,0.46794838,0.5180213,-0.0004170933750429663,0.0002048656723666423,-0.002224722821068736,0.0019169131533215663,0.0020791674189215735,-8.07211616916401e-05,-0.00024087402115920907,-0.0031602889651512396,-0.0005139070219884296,0.05648897014326515,International Status,Linear Regression
0.50464773,3.17,10.0,0.5057656,0.90061826,0.49140105,0.5232861,0.49646026,0.5088078,0.0011278780302882185,-4.968908952033877e-05,-0.001017820748156221,-0.00017386942927255023,-0.002360804859370018,0.000646380097932533,0.0008929661927653335,-0.0013678709005662576,-0.00032674434451934915,0.056296056214336865,International Status,Linear Regression
0.50479937,3.94,2.0,0.5038685,0.5663983,0.49404562,0.5470067,0.5239677,0.4811027,-0.0004170933750429663,-0.00024569625617331417,0.0022005847796104858,-0.00029746598655805624,-0.0003289759929037958,-0.00017154232314701295,0.0015530685821685594,0.00036140238363975124,0.0002360559697530378,0.061815969046102204,International Status,Linear Regression
0.50464773,3.31,6.0,0.42150545,0.39453378,0.49283457,0.5354533,0.51594144,0.5163621,0.0011278780302882185,-8.532675618451616e-05,0.0005913820157271323,-0.005663440066751027,0.0007158427930758369,0.00020301571390565426,0.0012315578722484396,-0.00014317372340951994,-0.0004802020982942099,0.05642316504536282,International Status,Linear Regression
0.5049677,2.93,7.0,0.49579668,0.5497972,0.49136677,0.52120215,0.51706994,0.42527747,-0.0021321094437547895,1.1404053332536625e-05,0.00018908132475629392,-0.000823347154144535,-0.00022805265428843465,0.0006569823435129505,0.000834973546103916,-7.222982964018198e-05,0.0013700875014323402,0.05873242095206521,International Status,Linear Regression
0.5048317,3.0,0.0,0.5038685,0.5016343,0.4990823,0.49378335,0.51715827,0.4811027,-0.0007464848649822488,-6.414779999552008e-06,0.0030051861615521622,-0.00029746598655805624,6.474485102132015e-05,-0.0017293053998675666,7.195678453088684e-05,-6.667690616951164e-05,0.0002360559697530378,0.059457227094037,International Status,Linear Regression
0.50479937,3.79,1.0,0.5038685,0.49944144,0.49327102,0.49105757,0.51842254,0.58602065,-0.0004170933750429663,-0.00020751304189026707,0.002602885470581324,-0.00029746598655805624,7.807594066695066e-05,6.802883865555788e-05,-3.896857071245216e-06,1.2802257832047615e-05,-0.0018952431496442762,0.058866211362284204,International Status,Linear Regression
0.50464773,3.25,1.0,0.5038685,0.4607854,0.4860257,0.5338851,0.48091114,0.5207785,0.0011278780302882185,-7.005347047129727e-05,0.002602885470581324,-0.00029746598655805624,0.0003130782365659537,0.0023088882887347868,0.001187917636880778,-0.002345376543000204,-0.0005699166745979431,0.06318346625317961,International Status,Linear Regression
0.50464773,3.24,1.0,0.5038685,0.53271246,0.49931604,0.47805732,0.4943043,0.48306656,0.0011278780302882185,-6.750792285242752e-05,0.002602885470581324,-0.00029746598655805624,-0.00012418911511480183,-0.0018015973742540124,-0.0003656708462552999,-0.0015034067421355495,0.00019616219477345065,0.05869271897323003,International Status,Linear Regression
0.5047411,2.94,10.0,0.48103732,0.3050663,0.49273616,0.4791829,0.51500326,0.50877786,0.00017658562646397896,8.85850571366687e-06,-0.001017820748156221,-0.001784923288105539,0.0012597439068034234,0.00023345232381141495,-0.0003343479434845229,-0.00020215302536478764,-0.0003261361445341725,0.05693889047790268,International Status,Linear Regression
0.50479937,3.05,11.0,0.49019086,0.8407589,0.49170738,0.48840892,0.51308566,0.47351336,-0.0004170933750429663,-1.9142518093901016e-05,-0.0014201214391270595,-0.0011885677818195331,-0.0019969008735751734,0.0005516372190337654,-7.760410704354098e-05,-0.00032270420896432923,0.0003902255247129546,0.05442535970483675,International Status,Linear Regression
0.5048317,3.15,3.0,0.5038685,0.47213542,0.49257362,0.48364824,0.5104958,0.4811027,-0.0007464848649822488,-4.4597994282599145e-05,0.0017982840886396473,-0.00029746598655805624,0.00024407787443626858,0.0002837232980424845,-0.00021008542046664844,-0.0004855174590462586,0.0002360559697530378,0.05970362077029279,International Status,Linear Regression
0.5047411,3.32,4.0,0.5038685,0.79318714,0.4928063,0.5352883,0.50273305,0.5187305,0.00017658562646397896,-8.78723038033859e-05,0.001395983397668809,-0.00029746598655805624,-0.00170769709533104,0.00021175916438870502,0.0012269662137637674,-0.0009735278368556891,-0.000528313682959946,0.05834204876153315,International Status,Linear Regression
0.5048317,3.53,8.0,0.5239617,0.2692663,0.491599,0.4860049,0.50899637,0.48614377,-0.0007464848649822488,-0.00014132880379965192,-0.00021321936621454443,0.0010116112075008441,0.0014773834320415053,0.0005851573875286876,-0.00014450373631822832,-0.0005797801109156129,0.00013365187158089305,0.06030811828117777,International Status,Linear Regression
0.50479937,3.86,11.0,0.50574225,0.7091773,0.49291837,0.48763758,0.5165175,0.5154241,-0.0004170933750429663,-0.0002253318752223557,-0.0014201214391270595,-0.000175390687831734,-0.0011969747016738548,0.00017709773900370846,-9.90691364712237e-05,-0.00010695933311730469,-0.00046114760310063564,0.05500064085217282,International Status,Linear Regression
