learning style,gpa,student semester,major,previous courses,course types,course subjects,subjects of interest,career aspirations,extracurricular activities,future topics
"[1, 0, 0, 0]",2.413815498352051,8,[46],"[3469, 3469, 303, 3469, 3469, 1416, 2731, 2794, 1979, 2196, 618, 363, 3149, 1624, 166, 3414, 516, 1199, 710, 2794, 2007, 2220, 516, 755, 2861, 339, 2331, 3383, 3454, 1768, 3383, 2463]","[1, 0, 5, 3, 20, 10, 2]","[147, 56, 109, 216, 127, 132, 206, 158, 105, 212, 129, 2, 136, 159, 138, 48, 30, 21, 64, 120, 66]","[124, 91]","[82, 1, 125, 143, 98, 100, 131, 75, 64, 15, 61, 40, 115, 73, 28]","[165, 166, 60, 41]","[43, 66, 157, 42, 126]"
"[0, 0, 0, 1]",2.4615867137908936,8,[21],"[2548, 3469, 2911, 2263, 2548, 95, 2352, 3149, 3149, 2794, 2463, 1624, 2196, 2207, 2794, 3029, 1225, 2551, 601, 3029, 2377, 1839, 3021, 3250, 128, 2750, 1059, 2152, 128, 2865, 2566, 3395]","[1, 0, 5, 19, 3, 20, 2]","[147, 106, 228, 109, 127, 132, 18, 206, 158, 137, 129, 108, 2, 138, 46, 117, 29, 54, 151]","[0, 9, 21, 91, 88]","[115, 64, 125, 73, 104, 82, 0, 75, 25, 15, 28, 37, 81, 140, 40, 98]","[60, 47, 221, 96, 43, 64]","[27, 107, 68, 47, 26]"
"[0, 1, 0, 0]",2.5381219387054443,5,[78],"[725, 1923, 1923, 725, 285, 2361, 2463, 3334, 3427, 409, 3149, 2794, 2207, 491, 3089, 1404, 2177, 579, 3172, 326]","[0, 19, 5, 3, 20, 2]","[147, 54, 137, 138, 109, 162, 127, 39, 132, 146, 46, 64, 79, 117]","[13, 124, 16]","[53, 125, 1, 18, 28, 100, 81, 15, 37, 35, 0, 82, 143, 75, 12, 25, 73, 131]","[34, 22, 60, 166, 88, 79, 165, 49]","[68, 107, 26, 44, 75]"
"[0, 0, 0, 1]",2.588308095932007,2,[],"[3469, 1416, 3395, 1385, 386, 3469, 1130, 3395]","[5, 19, 20, 10, 2]","[206, 54, 147, 46, 109, 138]","[79, 74, 121, 138]",[],[55],"[96, 35, 37, 84, 104]"
"[0, 0, 1, 0]",3.0288541316986084,8,"[21, 167]","[3469, 3469, 3029, 285, 2361, 2911, 1698, 3029, 1059, 1145, 285, 3111, 2004, 1145, 3149, 2858, 1240, 314, 833, 959, 569, 1983, 1841, 2813, 242, 339, 3383, 20, 3383, 3192, 2054, 3383]","[0, 5, 19, 3, 20, 2, 10]","[147, 63, 127, 44, 96, 206, 158, 105, 114, 16, 207, 65, 142, 46, 138, 78, 117, 124, 76]","[124, 91, 21, 9, 88, 3, 128]","[56, 46, 64, 55, 0, 39, 17, 28]","[11, 9, 54, 60, 64, 47, 96, 118, 68]","[142, 27, 106, 68, 159]"
"[1, 0, 0, 0]",2.165682315826416,8,[8],"[2933, 285, 285, 285, 386, 1055, 1611, 1654, 2004, 1624, 1416, 285, 1145, 2207, 3395, 2548, 314, 2007, 1725, 386, 195, 2889, 2614, 1160, 3170, 2437, 604, 386, 621, 2092, 2861, 3383]","[4, 0, 5, 19, 20, 2, 10]","[147, 54, 158, 207, 56, 214, 137, 2, 138, 109, 23, 127, 162, 132, 6, 46, 66, 232]","[124, 114, 1, 88, 3]","[0, 115, 56, 55, 86, 28, 148, 24, 131, 2, 17, 61, 64, 81, 98, 140, 23]","[64, 85, 60, 209, 100, 109, 69, 51, 96]","[155, 109, 174, 28, 23]"
"[1, 0, 0, 0]",3.789737462997437,8,[153],"[133, 3089, 3089, 133, 3166, 566, 1624, 3149, 1979, 2794, 1624, 3395, 1964, 1979, 1624, 1416, 2763, 1616, 2584, 2177, 2042, 1240, 3021, 2551, 3176, 3176, 3150, 671, 3383, 1873, 1250, 3372]","[1, 0, 5, 19, 3, 20, 2, 10, 7]","[147, 56, 109, 127, 162, 18, 206, 83, 137, 49, 105, 126, 16, 129, 2, 138, 46, 79, 117, 30, 64, 134]","[0, 9, 21, 91, 88, 34, 16, 130]","[145, 62, 40, 69, 82, 91, 37, 115, 68, 81, 15, 108, 125, 100, 98, 64, 61, 127, 75, 0, 28, 63, 14]","[115, 60, 75, 67, 109, 221, 74, 76, 117, 55]","[135, 68, 107, 106, 27]"
"[0, 0, 0, 1]",3.103846311569214,8,[37],"[386, 2579, 2579, 2579, 2904, 3469, 1059, 166, 491, 171, 3469, 285, 2794, 645, 388, 502, 516, 2177, 1726, 1769, 2614, 2614, 342, 3469, 1382, 1884, 3176, 1703, 3311, 1786, 2807, 1863]","[17, 0, 19, 5, 3, 20, 10, 2, 7]","[147, 56, 127, 162, 206, 158, 36, 20, 136, 40, 138, 46, 160, 117, 61, 54, 30, 146, 64, 110, 151]","[6, 59, 14, 21, 138, 0]","[33, 137, 12, 40, 112, 34, 32]","[101, 70, 211, 80, 265, 79, 76]","[36, 197, 50, 51, 149]"
"[0, 0, 1, 0]",3.2697346210479736,8,[65],"[1947, 2904, 3469, 2961, 1654, 3166, 3469, 1611, 2463, 2794, 2794, 2463, 1145, 482, 1611, 3395, 339, 1214, 698, 1780, 195, 2848, 2562, 1557, 2396, 436, 2175, 1347, 2861, 3383, 149, 698]","[1, 17, 0, 11, 5, 19, 3, 20, 2, 10]","[147, 56, 67, 127, 132, 206, 158, 50, 137, 126, 71, 118, 20, 66, 129, 69, 65, 108, 46, 138, 117, 30, 110, 151]",[136],"[43, 125, 10, 145, 14, 61, 60, 40, 2, 28, 140, 37, 129, 15, 0, 115, 63]","[37, 15, 34, 60, 174, 75, 175, 67]","[107, 205, 27, 68, 26]"
"[0, 0, 0, 1]",2.6388978958129883,8,"[95, 74]","[3469, 3395, 3469, 3469, 1513, 1353, 20, 1611, 2794, 418, 2616, 409, 1059, 2079, 2794, 3395, 615, 2614, 3338, 1755, 1931, 3204, 303, 2561, 3383, 1382, 2981, 1568, 2222, 2006, 3083, 502]","[4, 0, 19, 5, 3, 20, 2, 7]","[216, 127, 39, 132, 18, 206, 158, 125, 50, 137, 105, 71, 16, 134, 129, 65, 2, 138, 46, 160, 98, 117, 64, 57]","[22, 60, 23, 72]","[116, 48, 50, 148, 112, 130, 138, 26, 1, 18, 101]","[69, 73, 89, 71, 171, 222]","[48, 34, 191, 148, 92]"
"[0, 1, 0, 0]",,0,[],[],[],[],[100],[],[],"[207, 9, 84, 37, 96]"
"[0, 1, 0, 0]",3.141489744186402,8,[119],"[1472, 3029, 1436, 3029, 2904, 1416, 3469, 3469, 698, 2794, 386, 3395, 2794, 1145, 2548, 2361, 1283, 1690, 330, 3250, 2889, 3474, 2732, 195, 2222, 339, 3383, 3128, 540, 3176, 2222, 1286]","[1, 0, 6, 5, 19, 20, 2, 10, 7]","[147, 56, 127, 44, 162, 132, 206, 158, 137, 114, 88, 129, 65, 159, 138, 46, 160, 54, 30, 112, 64, 151]","[85, 124, 20, 0, 130, 39, 22, 136, 54, 1]","[50, 131, 112, 61, 64, 140, 142, 130, 73, 37, 2, 98, 115, 125, 81, 75, 28]","[34, 58, 71, 60, 105, 99, 15, 9]","[106, 107, 48, 49, 27]"
"[0, 0, 1, 0]",3.057462215423584,8,[31],"[3395, 2911, 3395, 3166, 1654, 3469, 2463, 781, 2152, 2909, 1624, 2342, 3149, 1145, 2794, 1809, 1621, 786, 3469, 1216, 1726, 2727, 3395, 3469, 885, 2222, 2911, 2152, 3176, 1786, 3469, 2361]","[1, 4, 0, 5, 19, 3, 20, 2, 10]","[206, 56, 147, 63, 75, 55, 137, 108, 160, 138, 136, 127, 28, 132, 162, 146, 46, 52]","[25, 34, 124, 22, 39, 1, 72, 23, 136, 0]","[69, 83, 24, 18, 116, 143, 128, 129, 1, 68, 88, 62, 127, 82]","[9, 11, 74, 89, 88, 166, 67, 165, 51]","[132, 111, 107, 92, 112]"
"[1, 0, 0, 0]",2.1187453269958496,6,[106],"[3469, 386, 3469, 3469, 2928, 3395, 285, 3089, 1917, 2463, 3414, 2794, 3407, 2463, 942, 2237, 1755, 516, 502, 808, 1475, 314, 1714, 2081]","[9, 0, 5, 19, 3, 20, 2]","[147, 127, 132, 6, 206, 158, 137, 126, 36, 207, 159, 138, 46, 79, 232, 54, 112, 64, 122]","[4, 14, 56, 92, 22, 23, 39, 5, 72, 1, 0, 6, 18]","[50, 108, 33, 112, 51, 86]","[34, 101, 70, 211, 85, 15, 55, 71, 122, 99, 9, 104]","[86, 153, 36, 102, 169]"
"[0, 1, 0, 0]",2.2089412212371826,6,"[62, 82]","[3395, 3469, 3469, 3469, 2263, 241, 1436, 285, 2813, 1624, 3380, 3469, 942, 3443, 3395, 1416, 53, 2614, 2614, 3469, 2384, 1599, 2447, 426]","[17, 0, 19, 5, 3, 20, 2, 10]","[206, 54, 63, 25, 48, 65, 137, 138, 2, 127, 15, 40, 46, 160, 96]","[11, 37, 83, 87, 113, 65, 72, 73, 77, 4, 21, 130, 34]","[125, 136, 66, 40, 62, 115, 50, 82, 0, 37, 64]","[58, 120, 60, 67, 175, 93, 69, 61, 206, 63]","[32, 11, 113, 84, 132]"
"[0, 1, 1, 0]",3.376215696334839,5,"[157, 27]","[3469, 3469, 3055, 3469, 3089, 3469, 241, 1142, 3335, 1624, 2463, 3029, 2731, 2794, 2463, 618, 805, 2732, 3469, 285]","[0, 5, 19, 13, 2]","[82, 206, 56, 129, 147, 65, 108, 2, 160, 127, 46, 64, 79]","[60, 138, 23, 22, 10]","[83, 26, 128, 38, 116, 137, 50, 101, 114, 130, 138, 142]","[86, 71, 32, 67, 9, 73, 89]","[49, 223, 65, 20, 48]"
"[0, 0, 1, 0]",2.7901458740234375,8,[73],"[3469, 3395, 3395, 3395, 2017, 1262, 3089, 3350, 166, 1964, 3149, 1624, 1059, 1624, 1624, 604, 3084, 2359, 2727, 166, 3474, 2551, 2072, 285, 3176, 209, 2359, 386, 3176, 3170, 3383, 2911]","[9, 0, 5, 19, 3, 20, 2, 10]","[147, 56, 116, 59, 127, 162, 132, 206, 83, 137, 100, 114, 46, 138, 79, 117, 54, 75, 146, 64]","[18, 123, 8, 1, 107]","[122, 44, 97, 118, 67, 89, 112, 124, 138, 87]","[6, 63, 185, 177, 168, 172, 71, 260, 19]","[128, 114, 81, 134, 24]"
"[0, 0, 1, 0]",3.565131664276123,7,"[26, 66]","[241, 601, 3029, 2548, 1611, 3469, 3469, 3149, 771, 2463, 3469, 2486, 2775, 339, 2911, 285, 1755, 2007, 146, 2033, 314, 2183, 420, 3469, 2496, 2674, 2253, 3044]","[1, 0, 5, 19, 13, 2, 10]","[147, 116, 67, 59, 201, 44, 132, 206, 158, 102, 105, 26, 35, 90, 207, 65, 70, 46, 3]","[22, 3, 39, 55, 23, 72, 130, 0, 137, 6, 10, 5, 67, 124]","[50, 138, 32, 38, 82, 24, 98, 30, 115, 140, 100]","[97, 183, 222, 171, 99, 105, 71, 60, 17, 221, 69, 15]","[153, 25, 169, 86, 102]"
"[1, 0, 0, 0]",3.0691423416137695,4,"[70, 135]","[2911, 2361, 386, 285, 1416, 241, 3469, 942, 2813, 2163, 1059, 2794, 781, 2463, 2004, 1059]","[0, 5, 19, 3, 20, 2, 10]","[206, 54, 124, 63, 46, 147, 65, 59, 109, 127, 138, 117]","[21, 9, 128, 88, 86, 18, 1, 23, 125, 54, 137]","[97, 0, 86, 122, 64, 2]","[6, 68, 67, 238, 60, 64, 85, 76]","[81, 68, 106, 107, 27]"
"[0, 0, 0, 1]",3.91556715965271,1,[],"[285, 3469, 3029, 3029]","[5, 2, 19]","[206, 46]",[138],[],[],"[2, 163, 156, 217, 58]"
"[1, 0, 0, 0]",2.5878589153289795,8,[25],"[1611, 3395, 3395, 1611, 285, 3469, 905, 2463, 502, 942, 3335, 2911, 1046, 942, 942, 2758, 3021, 1344, 2762, 2463, 786, 2551, 314, 516, 1109, 1758, 386, 386, 765, 3201, 1353, 3469]","[4, 1, 0, 5, 19, 3, 2]","[147, 116, 67, 127, 18, 206, 158, 137, 126, 114, 129, 207, 65, 62, 138, 46, 117, 54, 75, 64]","[8, 1, 18]","[51, 36, 49, 87, 27, 70, 3]","[11, 9, 62, 28, 19, 48, 91, 177, 168]","[110, 52, 212, 145, 24]"
"[0, 0, 0, 1]",,0,[],[],[],[],[],[],"[2, 37]","[183, 41, 8, 23, 113]"
"[0, 1, 0, 0]",2.775090217590332,2,[165],"[3395, 2911, 386, 3395, 3469, 3166, 2794, 3149]","[0, 5, 19, 3, 2]","[206, 54, 56, 147, 127, 46]","[34, 124, 91, 9, 16, 130, 7, 23]","[10, 50, 43, 125, 143]","[44, 60, 174, 175]","[205, 39, 78, 157, 13]"
"[0, 0, 0, 1]",2.726317882537842,8,[42],"[285, 520, 2911, 3469, 3469, 3395, 386, 241, 1624, 3149, 2196, 3469, 1671, 1809, 1582, 698, 318, 3204, 1755, 2758, 1755, 2614, 1059, 2004, 128, 3391, 3395, 2831, 778, 3383, 2437, 783]","[0, 5, 19, 3, 20, 2, 10, 7]","[206, 54, 147, 129, 80, 65, 108, 137, 138, 127, 162, 132, 44, 6, 100, 46, 98, 117]","[19, 67, 9, 10, 21, 18, 73, 22]","[38, 145, 30, 96, 44, 60, 118, 67, 66, 31, 89, 136]","[237, 223, 38, 75, 63, 213]","[169, 134, 24, 128, 61]"
"[0, 1, 0, 0]",2.4421651363372803,6,[165],"[285, 285, 3250, 1611, 3469, 1241, 3469, 3250, 2794, 3149, 285, 803, 1059, 698, 1966, 386, 516, 2614, 1839, 3172, 2614, 2614, 1637, 1611]","[1, 0, 19, 5, 3, 20, 2]","[206, 147, 129, 54, 46, 56, 158, 108, 127, 39, 132, 146, 138, 117]","[6, 0, 9, 1, 7]","[125, 10, 50, 43, 114, 138, 49, 130, 3, 107, 73, 146, 105, 100]","[22, 34, 175, 71, 60, 174, 62, 28, 80, 179, 51, 85, 169, 207]","[145, 13, 205, 55, 110]"
"[1, 0, 0, 0]",2.6300137042999268,3,[95],"[2831, 1611, 1243, 1611, 3029, 581, 3469, 2794, 2794, 1153, 3074, 3395]","[0, 5, 19, 20, 2, 10]","[61, 147, 56, 206, 46, 127, 28, 66]","[23, 39, 34, 22, 10, 25, 15, 114, 72]","[48, 1, 116, 148, 52, 38, 18, 86]","[11, 73, 85, 206, 69]","[107, 103, 111, 132, 34]"
"[0, 0, 1, 0]",2.280496120452881,5,[81],"[3469, 3469, 3469, 3469, 2911, 725, 3395, 2548, 409, 2463, 1571, 2463, 1145, 3149, 3469, 3395, 1690, 330, 386, 250]","[0, 16, 5, 19, 3, 20, 2]","[87, 206, 158, 147, 207, 46, 54, 65, 39, 17, 138]","[64, 73, 41, 18, 10, 123, 0, 67, 22, 39]","[89, 66, 67, 38, 112, 99, 116, 12, 124, 44]","[63, 209, 32, 173, 114]","[64, 134, 114, 124, 65]"
"[0, 0, 1, 0]",3.937521934509278,5,[46],"[3469, 803, 50, 50, 1923, 2911, 303, 166, 363, 2549, 3469, 3469, 166, 1624, 2004, 171, 1175, 2614, 2889, 604]","[0, 5, 3, 20, 2, 10, 15]","[206, 147, 56, 224, 138, 105, 216, 162, 127, 100, 46, 64]","[23, 39, 34, 22, 10, 25, 15, 114, 72, 124]","[1, 116, 136, 38, 148, 18]","[206, 212, 89, 165, 69, 166, 120]","[157, 112, 43, 107, 132]"
"[0, 0, 1, 0]",2.8608920574188232,8,"[21, 93]","[241, 3395, 1108, 1108, 1362, 1353, 2813, 1145, 1624, 3149, 3427, 374, 1624, 1145, 213, 3395, 615, 3172, 841, 339, 2748, 833, 1455, 3395, 156, 3176, 3176, 1318, 175, 3383, 1366, 1024]","[4, 17, 0, 8, 5, 19, 3, 20, 2]","[61, 147, 56, 75, 30, 55, 65, 67, 138, 59, 109, 127, 162, 132, 19, 46, 64, 16]","[1, 124, 34, 7, 130, 136, 9, 21]","[40, 33, 82, 104, 64, 83, 125, 115, 81, 20, 25, 2, 75, 61, 98]","[58, 112, 60, 47, 100, 109, 238, 74, 70]","[106, 27, 26, 47, 182]"
"[0, 0, 0, 1]",3.952336549758911,5,[32],"[3089, 3469, 3469, 695, 303, 1353, 1353, 3089, 942, 3149, 3341, 918, 2794, 2463, 2361, 2361, 2614, 1690, 3395, 285]","[1, 0, 19, 20, 2]","[206, 147, 46, 30, 65, 154, 105, 0, 127, 138, 79]","[6, 59, 14, 21, 138, 0, 123]","[122, 136, 131, 28, 112, 50, 30, 114, 104, 137, 89, 32]","[120, 96, 60, 109, 75, 124, 63, 71, 122, 84, 170, 211, 74]","[81, 197, 134, 149, 38]"
"[0, 1, 0, 0]",3.656229972839355,1,[72],"[303, 1436, 2361, 1436]","[20, 0]","[137, 105, 138]","[18, 123, 8, 1, 107, 59, 60, 5]","[48, 148, 87, 22, 84, 27, 49]","[62, 69, 19, 171, 104]","[50, 24, 110, 212, 210]"
"[0, 0, 0, 1]",3.7315173149108887,4,[],"[241, 1923, 1923, 241, 3469, 3469, 698, 1624, 2794, 2794, 502, 2794, 3149, 2794, 2004, 2421]","[2, 3, 0]","[206, 125, 147, 65, 162, 127, 100, 46]","[1, 130, 124, 136, 137, 128, 21, 125, 3]",[2],"[122, 85, 60]","[205, 13, 81, 211, 172]"
"[0, 0, 1, 0]",2.2587878704071045,7,[68],"[50, 3469, 2379, 50, 1372, 2548, 3469, 1059, 1244, 2794, 2152, 1624, 1575, 1637, 1624, 418, 2220, 1755, 516, 1624, 1417, 430, 1621, 1142, 3176, 794, 1609, 1624]","[4, 17, 1, 0, 6, 5, 3, 2]","[206, 158, 207, 56, 3, 83, 4, 2, 160, 127, 19, 132, 162, 100, 52, 117, 120]","[9, 24]","[130, 131, 82, 73, 40, 2, 64, 50, 140, 0, 56, 25, 20, 147, 114, 101, 100]","[98, 71, 60, 207, 122, 117, 64, 66, 43, 96]","[96, 27, 76, 70, 106]"
"[1, 0, 0, 0]",2.263733386993408,8,[73],"[803, 1015, 803, 1015, 1243, 3469, 386, 241, 2794, 3149, 362, 3469, 2463, 2549, 386, 3029, 252, 2220, 1611, 241, 1621, 2551, 1621, 1839, 3311, 1088, 166, 3149, 3453, 400, 189, 3395]","[1, 17, 0, 6, 5, 19, 3, 10, 2]","[206, 56, 54, 48, 224, 147, 120, 65, 67, 207, 105, 127, 132, 46, 64, 20, 225, 18]","[21, 124, 0, 9, 34, 14, 8, 16, 24, 130, 1, 123, 128]","[122, 50, 131, 44, 97, 138, 140, 0, 114, 124, 38, 77, 61, 81, 125, 37, 2, 115, 67, 75, 15]","[63, 60, 6, 71, 99, 15, 32, 97, 66]","[128, 107, 61, 27, 24]"
"[0, 1, 0, 0]",3.3616652488708496,8,[40],"[3469, 3250, 1611, 3250, 1654, 1611, 2911, 942, 942, 606, 1670, 3395, 2463, 1624, 2909, 3029, 2614, 1839, 1154, 1145, 2359, 195, 314, 3250, 128, 1862, 3469, 285, 537, 3176, 1325, 166]","[1, 17, 0, 5, 19, 20, 2, 10]","[147, 56, 25, 67, 127, 162, 132, 82, 206, 137, 100, 114, 129, 207, 138, 46, 98, 225, 52]","[9, 21, 39, 22, 5]","[148, 48, 37, 108, 0, 3, 2, 31, 36, 56, 28, 82, 115, 20, 64, 63, 15, 86, 81, 75, 138, 100]","[34, 58, 69, 91, 76, 75, 96, 117, 60, 112, 222, 122, 170, 73, 221, 85, 62]","[26, 20, 155, 132, 27]"
"[0, 0, 0, 1]",2.068065881729126,8,[151],"[2195, 285, 1347, 2195, 3469, 3395, 2463, 288, 450, 1288, 2794, 1624, 1059, 1145, 803, 3469, 2614, 2344, 2614, 3395, 864, 2614, 3151, 3264, 3140, 772, 2107, 2155, 3450, 128, 2546, 2463]","[1, 0, 19, 5, 3, 20, 2, 7]","[61, 206, 147, 207, 224, 129, 48, 55, 50, 138, 201, 109, 127, 126, 216, 46, 160, 117]","[20, 61, 136, 88, 10, 1]","[107, 102, 24, 10, 98, 64, 76, 131]","[61, 92, 174, 17, 94, 179, 169, 89, 64, 93, 207]","[132, 129, 57, 101, 135]"
"[0, 0, 0, 1]",2.280885934829712,8,[72],"[3029, 241, 3469, 241, 3469, 1216, 285, 2333, 450, 942, 285, 2342, 2561, 2794, 803, 241, 2614, 1381, 108, 3374, 516, 1621, 2889, 141, 339, 3176, 540, 2479, 3176, 1342, 2616, 3395]","[1, 0, 8, 5, 19, 20, 13, 2]","[56, 228, 127, 162, 132, 28, 18, 206, 5, 71, 65, 136, 159, 138, 46, 61, 224, 30, 15, 52]","[5, 3, 36, 8, 0, 123, 43]","[87, 148, 137, 51, 27, 48, 71, 3, 146, 84, 85, 105, 49]","[58, 34, 62, 19, 102, 171, 80, 104, 69, 177, 183]","[145, 55, 212, 52, 110]"
"[0, 0, 0, 1]",2.7733607292175293,8,[122],"[1385, 3469, 1243, 1243, 1243, 1416, 3469, 1145, 409, 1059, 386, 3469, 1145, 2731, 3149, 3469, 1283, 1042, 1726, 340, 314, 2614, 3469, 1108, 128, 3383, 2130, 3170, 3176, 78, 1588, 1768]","[0, 5, 3, 20, 10, 2]","[147, 56, 109, 162, 39, 6, 206, 5, 100, 207, 2, 136, 138, 160, 117, 54, 30, 64, 151]","[0, 36, 18, 7, 136, 6]","[71, 43, 10, 137, 32, 33, 22, 3, 52, 87]","[174, 41, 175, 179, 62, 70, 211, 176, 101, 104]","[136, 22, 141, 42, 205]"
"[0, 0, 0, 1]",3.1624906063079834,8,[36],"[386, 2361, 386, 386, 3469, 1285, 1243, 2775, 2794, 1059, 3469, 1443, 3008, 942, 241, 3469, 1621, 893, 2889, 2911, 3081, 1755, 3469, 3469, 3043, 2409, 3029, 386, 3383, 3383, 285, 3395]","[0, 5, 19, 3, 20, 10, 2]","[206, 56, 54, 207, 58, 30, 46, 65, 106, 141, 157, 228, 127, 162, 132, 146, 138, 117]","[18, 123, 8, 1, 107, 59, 60, 5, 118, 10]","[32, 33, 38, 70, 95, 51, 71, 87, 22]","[70, 85, 62, 32, 211, 71, 5, 89, 19]","[24, 50, 36, 212, 210]"
"[1, 0, 0, 0]",3.2251672744750977,8,[6],"[1243, 905, 1416, 3469, 3469, 285, 1624, 2758, 3149, 409, 83, 2548, 2758, 942, 166, 854, 864, 2614, 314, 2614, 330, 3204, 2075, 318, 1829, 2550, 3383, 2148, 3176, 339, 1353, 2463]","[4, 1, 0, 19, 5, 3, 20, 2, 10, 7]","[147, 56, 228, 109, 127, 39, 44, 162, 206, 158, 137, 129, 207, 65, 138, 46, 117, 80, 112, 45, 64]","[27, 118, 23, 43]","[96, 5, 89, 137, 54, 33, 49, 118, 67, 66, 124, 95]","[38, 81, 82, 63, 211, 70, 28, 102, 216]","[163, 25, 59, 8, 7]"
"[0, 1, 0, 0]",2.885385274887085,8,[110],"[386, 339, 3029, 386, 386, 1285, 3395, 2794, 984, 144, 2909, 3250, 698, 3149, 487, 285, 2614, 3474, 2614, 942, 516, 516, 942, 1979, 3383, 289, 3383, 2794, 3176, 3176, 634, 146]","[0, 6, 11, 5, 19, 3, 20, 2, 10]","[102, 54, 129, 147, 56, 116, 138, 157, 127, 64, 162, 114, 46, 52, 118, 110, 18]","[3, 138, 24, 8, 123, 4, 9, 10, 59, 67, 18, 64, 43]","[122, 110, 89, 66, 30, 32, 124, 97, 118, 3, 24, 49, 96, 67]","[6, 163, 63, 24, 70, 17, 80, 38]","[64, 81, 114, 21, 25]"
"[0, 0, 0, 1]",3.554983615875244,4,"[84, 126]","[3395, 1932, 1720, 2548, 1611, 1362, 1513, 2004, 2794, 418, 1059, 3149, 853, 1979, 3395, 2933]","[0, 5, 19, 3, 2]","[147, 158, 129, 65, 2, 23, 127, 114, 117, 46, 16, 11]","[124, 54, 9, 21, 84, 91]","[131, 62, 122, 69, 40, 112, 0, 91, 86, 53, 20, 73]","[82, 60, 122, 75, 84, 85, 74, 67]","[107, 27, 106, 202, 25]"
"[1, 0, 0, 0]",2.531487226486206,8,[156],"[3029, 241, 559, 559, 386, 1353, 3268, 3395, 1145, 166, 2758, 277, 2758, 2463, 2463, 2463, 3081, 301, 1288, 1353, 2614, 2614, 800, 2775, 744, 3170, 2207, 3469, 3176, 2766, 3176, 521]","[4, 0, 19, 5, 3, 20, 2]","[147, 106, 56, 162, 6, 206, 16, 207, 58, 65, 8, 138, 160, 46, 117, 61, 54, 30, 64]","[124, 23, 22]","[40, 115, 20, 16, 130, 0, 138, 26, 137, 33, 49, 56, 100, 61, 81, 32, 15, 131, 37, 75, 34, 125]","[22, 21, 34, 70, 60, 71, 84, 64]","[68, 27, 36, 26, 107]"
"[0, 0, 0, 1]",,0,[],[],[],[],[],[],[],"[181, 205, 25, 19, 68]"
"[0, 0, 0, 1]",2.463754892349243,5,"[143, 94]","[285, 1923, 241, 3469, 3029, 3029, 942, 2794, 2549, 698, 2207, 3469, 3149, 409, 927, 942, 1785, 1599, 3081, 1725]","[0, 5, 19, 3, 2]","[206, 147, 207, 106, 65, 154, 2, 162, 127, 39, 46, 64]","[129, 7, 14]","[82, 131, 112, 81, 125, 107, 43, 73, 15]","[221, 175, 89, 238, 211, 60, 70, 265, 118, 169]","[142, 88, 106, 107, 68]"
"[0, 0, 0, 1]",3.033822774887085,4,[],"[3074, 2548, 3469, 1702, 2601, 1285, 3029, 1145, 213, 2463, 285, 3469, 1575, 1624, 1416, 2911]","[1, 4, 0, 5, 19, 3, 20, 2, 10]","[61, 206, 158, 147, 46, 67, 157, 216, 127, 114, 138, 160]","[19, 138, 0]","[90, 122, 3, 110, 105, 97]","[114, 24, 80, 6, 62]","[114, 52, 16, 151, 134]"
"[0, 1, 0, 0]",2.5926854610443115,4,[],"[808, 520, 808, 520, 3029, 303, 1241, 1145, 501, 166, 1443, 1416, 409, 2549, 3029, 386]","[0, 5, 20, 2, 10]","[147, 54, 63, 58, 138, 105, 109, 115, 39, 46, 64]","[6, 59, 14, 21, 138, 0, 123, 67, 43, 16, 22, 3, 124, 8]","[94, 112, 148, 48, 137, 50, 138, 108]","[171, 185, 70, 69, 211, 75, 67]","[41, 197, 38, 149, 50]"
"[0, 0, 0, 1]",2.795544147491455,3,[],"[3469, 1611, 3469, 1611, 3469, 2548, 1979, 2206, 2917, 2549, 2758, 269]","[5, 0, 2, 3]","[206, 158, 129, 97, 67, 216, 64, 16, 117]",[],"[12, 4, 121]","[22, 79, 81]","[2, 69, 3, 4, 85]"
"[0, 0, 0, 1]",2.420069456100464,7,[91],"[2911, 604, 604, 604, 3469, 2911, 417, 1771, 1717, 2794, 2731, 2794, 1077, 2873, 3397, 386, 2889, 1381, 1726, 386, 2007, 959, 3151, 1979, 794, 2589, 1768, 3257]","[0, 5, 3, 20, 13, 2, 10]","[147, 56, 89, 127, 162, 132, 44, 206, 100, 129, 65, 2, 136, 159, 46, 138, 160, 54, 48, 15, 45]","[6, 59, 14, 21, 138, 0, 123, 67, 43, 16, 22, 3, 124, 8, 125, 9, 70]","[69, 40, 82, 148, 37, 61, 0, 50, 28, 56, 25, 112, 100, 132, 137, 94, 22, 49]","[74, 171, 60, 69, 96, 219, 1, 185, 16, 260]","[88, 36, 149, 197, 37]"
"[0, 0, 1, 0]",3.916646242141723,1,[],"[3111, 3469, 481, 3469]","[0, 2, 3]","[70, 206, 158]","[2, 98, 19]","[30, 16, 67, 122]","[15, 53, 82]","[25, 87, 122, 116, 59]"
"[0, 0, 0, 1]",2.4460315704345703,8,[81],"[2752, 285, 2752, 2752, 2548, 2548, 3089, 2361, 2758, 2207, 2463, 3469, 166, 1145, 1353, 2911, 1356, 2889, 220, 2614, 3338, 1755, 2562, 2732, 2222, 3176, 2117, 942, 671, 1631, 2403, 2168]","[1, 17, 12, 0, 5, 19, 3, 20, 2]","[147, 216, 162, 127, 132, 107, 18, 206, 158, 50, 20, 129, 65, 46, 138, 160, 79, 117, 232, 30]","[13, 124, 16, 1, 24, 91, 21, 9, 123, 7, 73]","[89, 61, 66, 122, 30, 2, 40, 0, 64, 53, 56, 55, 118, 99, 48, 18, 23, 125, 25, 140]","[6, 60, 63, 9, 96, 64, 112, 221, 65, 51]","[64, 24, 128, 134, 81]"
"[0, 0, 0, 1]",3.3192715644836426,8,[44],"[1416, 3029, 803, 3029, 386, 285, 1526, 1347, 2152, 166, 2670, 360, 942, 2207, 2463, 3395, 546, 786, 2463, 2463, 2359, 2440, 195, 1416, 3176, 3383, 1342, 1145, 1329, 1898, 3395, 1624]","[1, 4, 0, 5, 19, 20, 2, 10]","[147, 54, 158, 56, 75, 224, 111, 138, 65, 127, 126, 132, 162, 146, 46, 160, 151]","[23, 8, 136, 3]","[62, 111, 134, 133, 22, 18, 129, 127]","[93, 67, 23]","[103, 112, 34, 132, 107]"
"[0, 0, 1, 0]",3.2412149906158447,2,[120],"[3395, 2379, 2641, 3395, 3029, 3469, 3469, 1611]","[5, 2, 19, 3]","[206, 158, 67, 46, 98]","[8, 1, 18, 55, 124, 0, 6, 5]","[82, 51, 22, 49, 27]","[58, 62, 91, 171, 172, 70, 177]","[212, 110, 145, 123, 50]"
"[0, 0, 1, 0]",2.0231237411499023,8,[49],"[3395, 2361, 2904, 1923, 3015, 3469, 2463, 2207, 166, 186, 3469, 3469, 360, 1145, 1059, 1145, 1755, 2889, 2369, 2264, 4, 2007, 2732, 2614, 1366, 2222, 3099, 1132, 671, 3005, 1613, 226]","[1, 0, 5, 3, 20, 2]","[61, 206, 147, 56, 46, 30, 50, 89, 112, 162, 126, 132, 127, 6, 138, 71, 117, 151]","[107, 22, 3, 9, 137, 85]","[82, 81, 25, 0, 33, 37, 115, 140, 64, 3, 102, 98, 131, 112, 76, 56, 100, 2, 40]","[9, 11, 60, 43, 80, 47, 64, 70, 71]","[155, 27, 26, 68, 132]"
"[0, 0, 0, 1]",3.403613328933716,3,[],"[1611, 3469, 604, 1416, 3469, 3469, 3055, 1055, 2845, 2794, 2794, 2361]","[1, 0, 20, 10, 2]","[206, 56, 129, 109, 127, 138, 64, 232]","[124, 54, 9, 21, 84, 91]",[73],[60],"[27, 132, 47, 26, 155]"
"[0, 0, 1, 0]",2.813429832458496,3,"[83, 10]","[3395, 1611, 386, 3469, 3395, 2309, 3395, 1108, 698, 502, 3008, 1217]","[1, 0, 5, 19, 20, 2]","[206, 54, 56, 125, 30, 67, 138, 46, 64]","[1, 136, 122, 135]","[47, 9, 62, 63, 99, 91, 60, 14]","[72, 67, 75, 112, 122, 139, 51]","[109, 12, 54, 224, 139]"
"[0, 0, 0, 1]",2.44551157951355,6,[36],"[967, 1416, 3469, 157, 1353, 2361, 2548, 604, 3427, 2463, 2919, 285, 2463, 502, 742, 386, 516, 2848, 1621, 303, 2614, 833, 2614, 1616]","[0, 11, 5, 19, 3, 20, 2, 10]","[206, 158, 56, 147, 46, 54, 137, 65, 108, 105, 127, 126, 15, 132, 138, 160]","[6, 4, 59, 128, 23, 118, 125, 9]","[33, 137, 56, 0, 18, 108, 112, 104, 32, 87, 85, 55, 146]","[15, 62, 70, 96, 101, 260, 211, 88, 55, 71, 19, 102, 41]","[149, 38, 41, 36, 50]"
"[0, 0, 0, 1]",2.1397337913513184,6,[142],"[2361, 1055, 2361, 2361, 3469, 3469, 2911, 386, 698, 3341, 2670, 3469, 3149, 2463, 1059, 2928, 852, 516, 2614, 2614, 1726, 2007, 2614, 1966]","[1, 0, 5, 3, 20, 2, 10]","[206, 54, 147, 56, 30, 138, 126, 36, 132, 46, 117, 151, 232]","[73, 119, 5, 59, 123, 18, 64, 24, 67]","[66, 82, 89, 106, 40, 48, 100, 15]","[63, 60, 124, 111, 114, 105, 237, 71, 238, 104, 72, 222, 183]","[114, 124, 68, 26, 64]"
"[1, 0, 0, 0]",3.648062229156494,8,[11],"[3395, 2361, 1404, 1404, 803, 3395, 2207, 1059, 166, 702, 2908, 1362, 2004, 1059, 1624, 1353, 1424, 2614, 2732, 3469, 2551, 2852, 2007, 2007, 2646, 1446, 2318, 794, 1768, 930, 3311, 339]","[4, 0, 5, 19, 3, 20, 2]","[147, 56, 216, 127, 132, 18, 206, 137, 100, 16, 65, 136, 40, 46, 138, 160, 117, 224, 157, 64]","[22, 9, 123, 72]","[50, 116, 138, 112, 55, 130, 30, 32, 12, 142, 137, 114]","[44, 57, 215, 14, 34, 71, 70, 97, 15, 27, 99, 80, 65, 77, 63, 79, 122, 96]","[153, 48, 37, 65, 175]"
"[0, 1, 0, 0]",2.653383255004883,5,[72],"[2831, 3469, 3469, 3469, 3469, 386, 1241, 2463, 1145, 2463, 2463, 1946, 3377, 2758, 386, 1353, 1247, 1120, 665, 2562]","[1, 0, 5, 3, 20, 2]","[208, 206, 147, 54, 207, 129, 65, 154, 228, 138, 64, 117]","[3, 123, 107, 18, 67, 6, 0, 5]","[27, 148, 51, 137, 48, 22, 52, 33, 70, 3, 146, 85]","[15, 53, 48, 62, 222, 34, 73, 69, 211, 171, 70, 158]","[53, 165, 92, 203, 52]"
"[1, 0, 0, 0]",3.6443378925323486,8,[29],"[3469, 2911, 3469, 3469, 2911, 3395, 2463, 2758, 1407, 2794, 2463, 3111, 2463, 3427, 1624, 3395, 2998, 2551, 2752, 3469, 326, 2614, 426, 1690, 2419, 126, 1109, 518, 19, 2546, 3176, 1318]","[1, 0, 5, 19, 3, 20, 2]","[147, 116, 67, 228, 127, 162, 18, 206, 158, 90, 129, 65, 2, 138, 160, 46, 117, 64, 151]","[21, 124, 0, 9, 34, 14, 8, 16, 24, 130, 1, 123, 128, 60, 5, 3, 7, 39, 126]","[142, 50, 131, 139, 61, 130, 40, 140, 37]","[34, 0, 71, 60, 87, 222, 170, 238, 221, 113, 70]","[107, 47, 48, 27, 106]"
"[1, 0, 0, 0]",3.3541555404663086,8,[58],"[2995, 803, 3469, 664, 1923, 3250, 1624, 1145, 2794, 166, 783, 1416, 3149, 2463, 2380, 942, 2177, 2614, 2004, 3427, 516, 557, 841, 2359, 1800, 2222, 3383, 1243, 2073, 2409, 19, 2911]","[1, 9, 0, 5, 3, 20, 2, 10]","[147, 56, 162, 127, 132, 44, 206, 105, 20, 129, 46, 138, 117, 232, 54, 224, 146, 64, 1]","[6, 0, 9, 1, 7, 18]","[82, 51, 2, 70, 86, 98, 64, 146, 85, 107, 37]","[102, 62, 104, 60, 173, 209, 71, 9, 105, 219, 85, 51, 207, 61, 5, 88]","[195, 203, 24, 52, 29]"
"[0, 0, 0, 1]",2.2355377674102783,4,[],"[1243, 3469, 386, 2911, 285, 241, 285, 1119, 2794, 45, 2463, 241, 418, 2794, 1059, 3208]","[0, 5, 19, 3, 2, 10]","[206, 56, 54, 48, 147, 65, 2, 127, 162, 46, 117]","[6, 0, 9, 1, 7, 18]","[51, 105, 49, 52, 146, 70, 85]","[22, 34, 62, 28, 72, 102, 50]","[123, 29, 212, 51, 55]"
"[0, 1, 0, 1]",2.2333359718322754,8,"[131, 28]","[285, 803, 487, 487, 2548, 1611, 285, 3469, 3149, 1469, 285, 1611, 942, 2207, 2794, 3089, 2754, 2614, 2614, 516, 3131, 529, 3151, 339, 2222, 3128, 3395, 3149, 339, 2222, 502, 3273]","[4, 1, 0, 5, 19, 3, 20, 2]","[147, 56, 127, 206, 158, 125, 105, 88, 118, 8, 70, 138, 46, 79, 78, 97, 224, 48, 112, 64]","[15, 18, 5, 8, 23, 123, 3, 121]","[126, 33, 43, 48, 125, 135, 85, 62, 10, 105, 73, 51, 146, 148, 64, 22, 71, 84, 40, 52, 27, 81]","[104, 171, 183, 64, 62, 112, 96, 109, 102, 60, 174, 175, 69, 214, 206, 80, 67]","[78, 55, 212, 110, 123]"
"[1, 0, 0, 0]",3.0100514888763428,8,[87],"[3469, 386, 1923, 386, 3250, 1353, 3469, 3268, 927, 942, 803, 2911, 2775, 841, 166, 502, 2614, 2014, 3266, 2614, 1726, 2007, 516, 2614, 1382, 1366, 3383, 583, 19, 540, 2994, 3395]","[1, 4, 0, 5, 19, 3, 20, 2, 10]","[147, 56, 162, 127, 132, 206, 158, 26, 35, 129, 207, 65, 159, 138, 46, 160, 61, 29, 54, 224, 64]","[6, 4, 59, 128, 23, 118, 125, 9, 123, 18]","[87, 71, 84, 49, 51, 3, 70, 22, 32, 18, 148, 146, 36, 81]","[5, 62, 19, 185, 91, 104, 209, 80, 70]","[52, 176, 38, 36, 149]"
"[1, 0, 0, 0]",2.2382333278656006,8,[50],"[1416, 2361, 2361, 1416, 3029, 3469, 1416, 942, 2977, 1145, 1130, 3469, 3149, 1979, 285, 386, 516, 3151, 3431, 3151, 1755, 3151, 2220, 2614, 2879, 3383, 3383, 3176, 3383, 339, 3018, 88]","[1, 17, 0, 5, 19, 20, 2, 10, 14]","[147, 56, 25, 228, 109, 127, 162, 132, 206, 137, 129, 138, 46, 160, 54, 48, 64, 120, 151]","[0, 124, 22]","[50, 112, 69, 48, 38, 136, 143, 1, 138, 101, 130, 148, 33, 123, 142, 114]","[71, 97, 74, 101, 211, 15, 213, 27, 166, 105, 41, 69, 70]","[48, 22, 141, 16, 136]"
"[1, 1, 0, 0]",3.835766553878784,7,[101],"[3029, 285, 3469, 285, 3469, 3395, 285, 604, 2794, 2794, 3469, 1611, 2463, 2207, 409, 3469, 2220, 833, 1755, 2463, 2220, 2359, 2852, 1532, 3383, 3176, 1565, 1229]","[4, 0, 5, 19, 20, 2, 10, 18]","[206, 56, 147, 67, 138, 127, 39, 132, 40, 162, 36, 15, 46, 120]","[1, 124, 34, 7, 130, 136, 9, 21, 6, 22, 67, 126, 89]","[62, 83, 128, 100, 20, 23, 24, 131, 37, 75, 61, 99]","[15, 67, 60, 186, 71, 105, 99, 122, 80, 23]","[27, 174, 23, 155, 109]"
"[0, 0, 0, 1]",2.1879022121429443,8,[130],"[1611, 285, 1923, 285, 327, 3469, 3029, 241, 1637, 942, 3330, 1702, 942, 2468, 1624, 606, 220, 516, 2614, 516, 516, 1147, 2031, 2829, 3176, 3416, 3469, 3029, 3399, 3383, 2372, 3383]","[4, 0, 5, 19, 3, 20, 2, 10]","[90, 206, 158, 56, 220, 65, 138, 105, 23, 162, 127, 70, 114, 100, 46, 64, 98, 232]","[89, 3, 84, 23, 22, 10, 138, 107, 88, 39]","[62, 65, 24, 79, 116, 53, 12, 1, 83, 128]","[67, 79, 69, 73, 89, 206, 17, 181, 9, 166, 88, 71]","[132, 112, 103, 120, 111]"
"[0, 0, 0, 1]",2.373302936553955,5,[6],"[241, 3469, 285, 2548, 3395, 3469, 2004, 2794, 2794, 2463, 664, 3237, 3374, 3427, 3374, 2553, 3204, 330, 3081, 1624]","[0, 11, 5, 19, 2, 7]","[206, 158, 147, 48, 129, 207, 106, 65, 137, 105, 228, 127, 46]","[18, 59, 3, 93, 21, 123, 1, 43]","[122, 2, 86, 66, 125, 49, 96, 0, 73, 99]","[207, 51, 122, 60, 6, 64, 62]","[7, 59, 25, 6, 163]"
"[0, 1, 0, 0]",3.676457643508911,5,[136],"[386, 1654, 303, 3469, 3469, 3395, 3029, 3469, 3335, 2794, 386, 3029, 2794, 942, 713, 2463, 1755, 1950, 2551, 220]","[5, 2, 19, 0]","[206, 54, 129, 147, 116, 137, 105, 127, 44, 132, 45, 46, 232]","[123, 27, 10, 124, 88, 19, 29]","[122, 45, 62, 18, 129, 97, 127, 103]","[90, 6, 67, 88, 206, 178, 89, 41, 81, 215, 123]","[59, 3, 124, 69, 8]"
"[0, 0, 0, 1]",3.2927169799804688,8,"[44, 70]","[905, 2831, 905, 2831, 285, 241, 1611, 1145, 2946, 1697, 432, 285, 166, 2207, 3149, 157, 3172, 2614, 285, 2904, 959, 2614, 664, 3469, 1382, 801, 3172, 3029, 1343, 1884, 304, 3469]","[1, 0, 5, 19, 3, 20, 2, 10]","[90, 147, 158, 206, 30, 65, 67, 137, 138, 105, 127, 131, 132, 100, 159, 46, 64, 151]","[21, 9, 128, 88, 86, 18, 1, 23, 125, 54, 137, 16, 55, 36, 5, 3, 70, 10, 64, 123, 73]","[62, 0, 125, 82, 15, 49, 148, 18, 61, 48, 73, 112, 25, 115, 81, 140, 107, 23, 146, 27, 32]","[60, 65, 62, 74, 69, 9, 28, 168, 48, 184, 23, 41, 75, 238, 67]","[172, 20, 47, 132, 155]"
"[1, 0, 0, 0]",3.2486016750335693,4,[],"[1353, 783, 1472, 1353, 3469, 3395, 1966, 3469, 2758, 409, 2463, 3395, 3273, 166, 2410, 1940]","[4, 0, 5, 19, 3, 13, 10, 2]","[206, 54, 147, 65, 154, 216, 39, 159, 46, 88, 117]","[23, 39, 34, 22, 10, 25, 15, 114, 72, 124, 85, 1, 16]","[18, 53, 138, 148, 64, 116]","[79, 69, 212, 15, 66, 41]","[111, 34, 103, 112, 92]"
"[0, 0, 0, 1]",2.295309066772461,8,[28],"[3055, 386, 2361, 3395, 3111, 1611, 3469, 1624, 3149, 1059, 2911, 3469, 2164, 942, 2907, 1624, 710, 2614, 2889, 3469, 2007, 2614, 2732, 942, 583, 621, 942, 3469, 3383, 339, 285, 386]","[1, 12, 0, 19, 5, 3, 20, 2, 10]","[206, 56, 158, 54, 46, 147, 67, 137, 160, 59, 127, 162, 132, 45, 26, 138, 156, 117]","[18, 93, 59, 8, 107, 23, 123, 0, 10, 22, 88, 136, 121, 67, 124, 21, 55]","[33, 125, 56, 107, 1, 10, 50, 48, 61, 140, 18, 23, 51, 85, 116]","[34, 58, 179, 74, 175, 67, 169, 9, 76, 105, 60, 171, 170, 97, 91, 172, 73, 104, 174, 177, 62, 209, 99, 102]","[78, 110, 50, 212, 13]"
"[1, 0, 0, 0]",2.6479380130767822,8,"[52, 26]","[3395, 1353, 3250, 3029, 1149, 285, 2911, 2775, 166, 3149, 3335, 303, 362, 166, 942, 2911, 2007, 1042, 2515, 2904, 1511, 195, 1611, 2463, 2693, 778, 3188, 621, 3176, 3402, 3383, 3469]","[1, 17, 0, 5, 19, 20, 2]","[147, 127, 162, 132, 206, 137, 105, 100, 13, 20, 90, 207, 129, 65, 46, 138, 160, 124, 151]","[13, 124, 16, 1, 24, 91, 21, 9, 123, 7, 73, 126, 128, 4, 138, 70, 18, 10]","[137, 33, 112, 48, 56, 49, 73, 25]","[75, 158, 60, 91, 62, 16, 1, 242]","[222, 169, 171, 36, 38]"
"[0, 0, 0, 1]",,0,[],[],[],[],[],[],[],"[196, 152, 142, 4, 106]"
"[1, 0, 0, 0]",3.6553750038146977,8,[68],"[2911, 1130, 2911, 1130, 1416, 386, 1108, 2758, 2421, 612, 603, 1698, 409, 894, 2794, 3395, 2614, 2562, 215, 1991, 3204, 2614, 2379, 2794, 1382, 1342, 3176, 2766, 3137, 436, 3383, 323]","[0, 5, 19, 3, 20, 2, 10]","[147, 56, 59, 127, 39, 162, 82, 158, 137, 114, 129, 65, 2, 91, 138, 46, 117, 61, 54, 97, 64]","[0, 24]","[130, 138, 50, 18, 116, 142, 38, 23, 131, 87, 30, 108]","[42, 9, 11, 98, 206, 73, 15, 169, 71, 175, 88, 41, 23]","[49, 76, 65, 96, 70]"
"[0, 0, 0, 1]",2.4634194374084473,5,"[131, 120]","[725, 2911, 3029, 790, 3469, 2195, 386, 2794, 2794, 166, 3469, 1353, 2873, 3273, 1637, 388, 516, 220, 2359, 1690]","[0, 11, 5, 20, 2]","[90, 206, 54, 147, 158, 56, 65, 138, 127, 40, 132, 46, 232]","[121, 5, 23, 114, 18, 136]","[8, 48, 36, 51, 59, 7, 104]","[15, 53, 62, 104, 171, 109, 91, 74, 64, 96, 68, 183, 26]","[165, 35, 32, 37, 200]"
"[0, 0, 0, 1]",3.8392786979675297,8,"[105, 87]","[3395, 351, 2911, 1923, 808, 1611, 2195, 339, 1532, 942, 2207, 2463, 3149, 2758, 3250, 2379, 2889, 1599, 1073, 3474, 1240, 1160, 2463, 1526, 3176, 1222, 2155, 942, 436, 2054, 783, 285]","[1, 17, 0, 5, 19, 3, 20, 10, 2]","[147, 158, 129, 3, 46, 54, 137, 65, 105, 109, 162, 70, 127, 114, 138, 117, 20]","[9, 21, 3, 54, 8, 128, 1, 123, 126, 10, 124, 23, 18]","[2, 84, 20, 81, 87, 49, 51, 3, 140, 135, 116, 28, 55, 56, 61]","[85, 5, 60, 62, 99, 158, 72, 64, 104, 171, 183, 19, 170, 28, 15, 97, 122]","[183, 174, 36, 155, 23]"
"[0, 1, 0, 0]",3.939082622528076,7,[95],"[1000, 1416, 3395, 2911, 3469, 3469, 2794, 1145, 942, 1624, 502, 927, 166, 2463, 3250, 285, 1073, 1769, 1344, 2633, 833, 1882, 686, 3395, 1609, 3176, 2463, 220]","[1, 17, 0, 5, 19, 3, 2, 10]","[206, 56, 129, 147, 158, 207, 86, 30, 83, 127, 162, 46, 64, 98, 20, 232]","[5, 55, 60, 114, 39, 23, 72, 3, 124, 1, 21, 70, 0, 118, 136, 121, 24, 22, 10]","[116, 83, 18, 48, 1, 138, 50, 38, 22, 45, 64, 56, 148, 12, 99]","[166, 9, 98, 73, 69, 115, 67, 158, 104, 206, 88]","[34, 132, 92, 103, 112]"
"[0, 0, 1, 0]",3.7512869834899902,8,[169],"[3469, 141, 3469, 141, 3469, 241, 3469, 2463, 1145, 698, 285, 783, 603, 432, 618, 2775, 3081, 2377, 1145, 1059, 864, 2614, 2614, 2164, 1719, 339, 3176, 783, 1318, 19, 3150, 3299]","[0, 5, 19, 3, 20, 2]","[147, 106, 63, 56, 162, 82, 206, 158, 5, 114, 207, 129, 86, 65, 138, 46, 160, 117, 54, 112, 64, 151]","[23, 34, 16, 10, 119, 5, 22, 24, 124, 114, 47, 123, 70, 118, 21, 72]","[12, 67, 124, 45, 148, 18, 3, 116, 30]","[11, 9, 90, 69, 73, 89, 206, 45, 171, 66, 183, 80, 181, 88, 63, 34]","[208, 107, 112, 111, 132]"
"[0, 0, 0, 1]",2.230562925338745,6,[77],"[3166, 241, 3469, 3166, 3469, 3395, 3149, 1624, 3149, 3273, 942, 166, 1059, 2463, 285, 141, 2562, 2614, 3250, 2911, 1951, 1283, 1665, 3469]","[0, 5, 19, 3, 20, 2]","[206, 56, 147, 129, 30, 65, 138, 5, 228, 127, 46, 71, 117]","[0, 17, 47, 138, 96, 16]","[51, 53, 74, 27, 105, 22, 35, 108, 12, 48, 84, 49, 3, 52, 65]","[62, 79, 174, 48, 99, 55, 183, 9, 28, 50]","[186, 74, 75, 44, 59]"
"[0, 0, 0, 1]",2.86511754989624,8,[146],"[1416, 1416, 3469, 285, 1702, 2911, 1145, 2794, 942, 2463, 942, 3469, 3008, 2731, 645, 3469, 2889, 2657, 2928, 927, 1755, 190, 1240, 3469, 540, 3176, 339, 285, 1329, 2589, 1240, 1698]","[0, 5, 19, 2, 10, 7]","[147, 56, 127, 162, 132, 121, 206, 105, 126, 114, 16, 207, 2, 159, 46, 160, 224, 30, 45]","[124, 54, 9, 21, 84, 91, 0, 10, 23]","[109, 50, 82, 12, 136, 112, 38, 35, 26, 32, 64, 30, 73]","[71, 79, 113, 55, 120, 90, 101, 171, 27, 235, 240, 73, 64, 211, 67, 66, 60, 32, 63, 70]","[131, 65, 48, 30, 49]"
"[1, 0, 0, 0]",2.5652079582214355,8,"[39, 121]","[1404, 1416, 1404, 1416, 3469, 803, 285, 2794, 853, 2758, 735, 3469, 2152, 2549, 285, 1243, 1616, 2829, 2377, 241, 1958, 2065, 1240, 3395, 339, 3383, 3176, 161, 2720, 339, 1732, 516]","[1, 4, 0, 5, 19, 3, 20, 2, 10]","[147, 56, 106, 109, 127, 162, 206, 137, 105, 114, 207, 65, 70, 138, 46, 85, 117, 3, 61, 146, 64]","[6, 59, 14, 21, 138, 0, 123, 67, 43, 16, 22, 3, 124, 8, 125, 9, 70, 118, 18, 10]","[49, 23, 99, 128, 2, 37, 51, 33, 32, 135, 52, 87, 137]","[9, 11, 91, 158, 23, 62, 70, 60, 211, 183, 104, 102, 69, 171, 50, 112, 76, 101]","[38, 197, 149, 50, 36]"
"[0, 0, 0, 1]",3.06140661239624,1,[],"[241, 1353, 241, 241]",[0],[65],[],[53],[79],"[44, 75, 59]"
"[1, 0, 0, 0]",2.61586856842041,8,[159],"[18, 3469, 2067, 18, 3469, 3469, 3469, 285, 1145, 3149, 645, 2794, 2463, 1624, 2909, 3395, 342, 516, 1139, 2007, 2551, 1755, 2614, 3029, 2302, 3383, 3170, 841, 2222, 128, 24, 2463]","[1, 9, 0, 19, 5, 3, 20, 13, 2, 10]","[206, 147, 56, 97, 30, 116, 138, 109, 127, 162, 132, 46, 160, 107, 52]","[22, 3, 39, 55, 23, 72, 130, 0, 137, 6, 10, 5, 67, 124, 4, 123, 21, 121, 77]","[50, 82, 30, 56, 23, 138, 38, 112, 24, 26, 142, 130, 136]","[71, 73, 117, 99, 23, 105, 111, 109, 63, 84]","[153, 169, 86, 102, 48]"
"[0, 0, 1, 0]",3.0013582706451416,8,[168],"[386, 3469, 3111, 285, 3469, 3469, 803, 1498, 1964, 502, 3469, 1795, 2794, 853, 3395, 3395, 3021, 3151, 2007, 3469, 1690, 516, 1243, 2463, 161, 1998, 166, 1690, 3176, 1613, 3383, 3395]","[1, 17, 0, 19, 5, 3, 20, 2, 10]","[206, 54, 158, 83, 48, 56, 147, 65, 124, 138, 5, 127, 162, 132, 146, 46, 57, 20]","[6, 10, 0, 136, 59, 118, 23, 88, 9, 123, 22, 67, 21, 138, 18, 28]","[6, 8, 22, 7, 3, 52, 107, 86, 33]","[8, 26, 62, 97, 179, 50, 70]","[122, 169, 171, 148, 20]"
"[0, 0, 0, 1]",2.3580944538116455,8,[113],"[386, 1416, 386, 386, 3469, 1243, 285, 3469, 166, 2207, 285, 2195, 186, 2794, 2463, 386, 2945, 988, 274, 3395, 3347, 2889, 516, 1907, 203, 2222, 3417, 2003, 3176, 3132, 2222, 3469]","[4, 1, 0, 5, 19, 20, 10, 2, 14]","[147, 56, 106, 25, 89, 109, 127, 162, 132, 6, 206, 125, 65, 138, 160, 46, 3, 54, 64]","[9, 21, 54, 128, 24, 125, 4, 5, 70, 118, 10, 59, 18, 8, 130, 123, 90]","[78, 16, 82, 30, 3, 38, 49, 87, 52, 24, 56, 96, 51, 27, 0, 70]","[34, 82, 28, 91, 80, 62, 75, 72, 158, 104, 105, 207, 38, 68, 60]","[25, 117, 114, 116, 59]"
"[0, 0, 0, 1]",2.9329679012298584,8,[113],"[3395, 285, 386, 285, 1353, 2911, 2548, 2794, 2794, 2079, 3427, 2758, 2207, 1624, 808, 1154, 1424, 155, 283, 1755, 2007, 1690, 3172, 2749, 3176, 175, 3021, 3045, 2437, 138, 3469, 3395]","[4, 0, 5, 19, 3, 20, 2, 10]","[206, 54, 158, 129, 56, 86, 63, 65, 138, 2, 216, 127, 162, 132, 6, 114, 46, 117]","[19, 67, 9, 10, 21, 18, 73, 22, 90, 128, 123, 43, 109, 30]","[30, 38, 82, 70, 87, 51, 118, 49, 85, 0, 67, 71]","[16, 32, 19, 63, 64, 97, 117, 111, 62, 15, 102, 211, 70, 5, 28, 21, 65, 158, 238]","[114, 116, 21, 25, 59]"
"[0, 1, 0, 0]",3.7815873622894287,8,"[64, 152]","[581, 3469, 2548, 3469, 1416, 1611, 612, 2152, 2794, 2758, 1855, 2909, 1244, 1538, 2463, 645, 2454, 3308, 2359, 3377, 2614, 2344, 2614, 314, 3176, 1703, 2550, 808, 1811, 2054, 2054, 3029]","[4, 1, 0, 5, 3, 20, 10, 2]","[147, 56, 109, 127, 162, 132, 28, 206, 158, 83, 5, 207, 159, 138, 160, 46, 117, 61, 64, 52, 151]","[18, 59, 3, 93, 21, 123, 1, 43, 128, 6, 88, 90, 0, 10]","[38, 136, 30, 24, 64, 56, 148, 144, 67, 16, 49, 55, 22, 86, 51]","[32, 96, 63, 85, 17, 97]","[148, 27, 48, 20, 171]"
"[0, 1, 0, 0]",2.7538628578186035,8,[39],"[3395, 2361, 3469, 303, 3395, 3469, 2166, 285, 3273, 3208, 360, 3029, 418, 2549, 2758, 3335, 2007, 2614, 669, 1145, 2177, 2614, 2007, 1654, 2267, 3176, 239, 285, 793, 2939, 3425, 1768]","[0, 5, 19, 3, 20, 2]","[147, 56, 228, 162, 132, 206, 158, 50, 137, 105, 126, 129, 2, 136, 46, 138, 117, 235, 45, 64, 95, 1]","[6, 59, 14, 21, 138, 0, 123, 67, 43, 16, 22, 3, 124, 8, 125, 9, 70, 118, 18, 10, 128]","[137, 32, 45, 33, 12, 34, 95, 18, 49]","[34, 58, 59, 70, 209, 211, 170, 68, 72, 75, 101, 172]","[38, 36, 197, 41, 149]"
"[0, 0, 0, 1]",,0,[],[],[],[],[],[],[44],"[67, 152, 41, 186, 14]"
"[0, 1, 0, 0]",2.0658743381500244,5,[8],"[3469, 3469, 3469, 3469, 3469, 3469, 1436, 1416, 2463, 2207, 606, 1108, 2463, 2794, 3149, 2794, 1769, 195, 146, 1949]","[1, 17, 0, 11, 5, 2, 10]","[206, 147, 124, 116, 137, 109, 127, 132, 46, 64, 20, 151]","[4, 14, 56, 92, 22, 23, 39, 5, 72, 1, 0, 6, 18, 8, 138, 123, 64, 19, 10, 136, 21, 137, 70, 88, 9, 13, 125]","[33, 86, 137, 30, 28, 112, 3, 99, 32]","[85, 207, 219, 51, 60, 64, 221, 101, 158, 68, 80]","[155, 50, 197, 36, 41]"
"[0, 0, 0, 1]",3.348972797393799,8,"[114, 42]","[2904, 2185, 1416, 2904, 1611, 3395, 1611, 606, 2421, 3377, 386, 3395, 409, 3149, 1624, 927, 2531, 1330, 2007, 330, 1755, 1240, 285, 3395, 986, 1342, 3469, 1611, 3372, 495, 1569, 3214]","[6, 0, 19, 5, 20, 10, 2, 14]","[147, 67, 127, 39, 132, 44, 206, 105, 100, 71, 207, 65, 2, 24, 138, 46, 160, 85, 3, 54, 120, 151]","[18, 123, 8, 1, 107, 59, 60, 5, 118, 10, 22, 9, 21, 6, 67, 134, 24, 3, 23]","[64, 30, 38, 16, 45, 50, 145, 93, 101, 23, 44, 148, 87, 49, 140, 114, 77]","[32, 63, 71, 91, 20, 9, 206, 64, 69, 99, 15, 28, 51, 171]","[24, 204, 50, 212, 110]"
"[0, 0, 1, 0]",2.658935785293579,5,"[47, 59]","[3373, 3469, 3469, 3373, 520, 604, 3469, 2731, 2463, 3335, 2794, 386, 2463, 2004, 418, 2775, 301, 2732, 2614, 615]","[20, 10, 2, 0]","[206, 56, 147, 129, 54, 207, 125, 2, 160, 127, 100, 138, 64]","[107, 22, 3, 9, 137, 85, 64, 123, 122, 89, 23, 4, 5]","[26, 131, 40, 136, 2, 28, 56, 142, 64, 100, 115, 112, 23, 50]","[22, 34, 60, 122, 170, 71, 238, 96, 56, 105, 99, 9]","[148, 102, 86, 220, 169]"
"[0, 0, 1, 0]",3.6278483867645264,8,[28],"[1654, 566, 1241, 3469, 3469, 1416, 3469, 3469, 357, 2794, 1964, 2911, 2813, 2794, 2775, 803, 2763, 805, 669, 853, 1381, 2065, 1755, 2359, 752, 495, 1703, 2361, 3383, 2923, 378, 3149]","[1, 0, 11, 8, 5, 20, 13, 10, 2]","[147, 56, 63, 127, 132, 82, 206, 83, 158, 137, 49, 114, 207, 65, 46, 138, 3, 61, 224, 15, 110]","[107, 22, 3, 9, 137, 85, 64, 123, 122, 89, 23, 4, 5, 121]","[43, 62, 125, 33, 38, 106, 32, 64, 49, 51, 112, 30, 98, 131, 2, 16, 15, 100]","[124, 60, 175, 67, 96, 117, 62, 28, 63, 70, 32, 71, 174, 179, 221]","[102, 86, 78, 13, 169]"
"[0, 0, 1, 0]",2.8112072944641113,8,"[1, 12]","[2911, 695, 3395, 3395, 241, 3395, 2361, 386, 853, 1894, 3469, 1353, 2794, 2463, 2794, 2152, 2614, 1229, 2551, 1254, 518, 2562, 2614, 3469, 128, 339, 3176, 3175, 3383, 3214, 3029, 3469]","[1, 0, 5, 19, 20, 2, 7]","[206, 54, 147, 207, 46, 58, 129, 65, 50, 105, 0, 127, 162, 132, 138, 64, 3, 18]","[124, 91, 122, 16, 130, 7, 136, 21, 77, 4, 1, 84, 9, 22, 126, 123, 108, 8]","[28, 81, 64, 55, 86, 16, 115, 100, 30, 26, 47, 108, 132, 61, 131, 25, 94, 40, 2]","[103, 174, 185, 85, 60, 96, 177, 102, 82, 72, 112, 55, 65, 122, 51, 105]","[122, 114, 116, 109, 13]"
"[1, 0, 0, 0]",3.1941237449645996,8,"[118, 160]","[3469, 3395, 604, 3395, 3469, 3029, 2004, 2463, 942, 3427, 1654, 98, 1059, 1624, 2911, 1385, 2269, 1931, 3378, 1611, 2614, 3338, 2548, 1216, 2861, 3415, 78, 3362, 3383, 3383, 3383, 2831]","[1, 0, 5, 19, 3, 20, 10, 2]","[206, 56, 147, 158, 224, 30, 137, 138, 2, 127, 91, 100, 46, 52, 117, 119, 66, 18]","[1, 108, 59, 22, 10, 0, 9, 125, 21, 117]","[83, 56, 82, 0, 119, 129, 100, 64, 116, 125, 107, 73, 38, 81, 12, 15, 17, 2, 25, 86, 131, 20]","[9, 60, 64, 67, 222, 174, 74, 73, 120]","[134, 147, 27, 107, 81]"
"[0, 1, 0, 0]",3.0112080574035645,1,"[74, 144]","[1243, 803, 1130, 1611]","[2, 10, 0]","[70, 147, 56, 224]","[124, 54, 9, 21, 84, 91, 0, 10, 23, 24, 117, 82, 72, 31]","[109, 73, 64]","[34, 22, 71, 60, 107, 113, 221, 238]","[47, 148, 155, 27, 26]"
"[1, 0, 0, 0]",2.249516725540161,8,"[18, 56]","[1108, 1664, 664, 3395, 3469, 3395, 2004, 166, 1145, 2794, 3374, 1145, 166, 841, 1624, 3250, 1882, 1755, 339, 1328, 2531, 1621, 3395, 3469, 1433, 1998, 3469, 1145, 2029, 820, 2672, 3176]","[4, 17, 0, 5, 19, 3, 2, 10]","[147, 56, 228, 127, 162, 132, 206, 137, 105, 20, 35, 129, 86, 65, 8, 70, 46, 160, 45, 64]","[22, 2, 5, 72, 43]","[30, 70, 48, 56, 55, 66, 148, 143, 85, 128, 22, 44, 27, 105, 87, 122]","[166, 63, 5, 62, 72, 66, 65, 171, 67, 91, 97, 23, 31, 6, 96, 19]","[21, 87, 116, 122, 117]"
"[0, 1, 0, 0]",2.49208402633667,5,[66],"[1611, 3469, 1611, 1611, 285, 3395, 2196, 2004, 1145, 3149, 1059, 141, 3149, 2775, 2794, 566, 1322, 3204, 615, 3395]","[1, 0, 5, 19, 3, 2, 10]","[206, 147, 129, 207, 125, 67, 137, 5, 127, 114, 46, 117]","[5, 55, 60, 114, 39, 23, 72, 3, 124, 1, 21, 70, 0, 118, 136, 121, 24, 22, 10, 123, 67]","[21, 112, 138, 45, 103, 30, 50, 18, 116, 26, 51, 148]","[97, 178, 71, 90, 73, 218, 69, 63, 88, 41, 171, 15]","[111, 92, 112, 132, 107]"
